timestamp,force_x,force_y,force_z,torque_x,torque_y,torque_z
0.0550,95.310898,-17.667594,-0.924337,1.226556,1.052758,-0.079993
0.0740,108.975373,-25.606406,0.377590,4.672479,1.264243,-0.408769
0.0940,107.821271,-24.450686,-0.681328,4.646207,1.299603,-0.399793
0.1140,103.329453,-17.128824,1.172421,-0.606729,-0.792101,-0.036308
0.1340,104.981700,-30.733907,2.616673,-2.429625,-0.362040,0.024887
0.1540,108.221811,-41.558382,-0.455997,1.063695,1.091652,-0.039346
0.1740,107.787602,-48.686327,-0.159315,3.667191,0.671224,-0.067114
0.1940,105.158129,-50.918915,2.267317,4.139511,-0.515567,-0.112805
0.2140,101.731478,-45.933666,1.328635,3.195278,-1.915953,-0.055151
0.2340,105.257730,-36.866623,-0.543589,1.524927,1.284448,-0.006591
0.2540,101.009852,-31.209512,2.385881,0.131721,-1.808647,-0.118158
0.2740,106.644097,-30.003610,0.423385,-0.425706,0.918998,-0.048678
0.2940,106.055662,-34.101499,-0.792840,0.228231,0.608514,-0.176156
0.3140,106.994505,-40.269252,-1.319296,1.495245,0.050041,-0.092343
0.3340,106.932592,-44.706756,-1.900713,2.576216,0.495911,0.001340
0.3540,104.323427,-43.715762,-1.651936,2.734383,-0.067177,-0.141675
0.3740,100.708726,-38.990561,-0.264207,1.833361,-1.126584,-0.147091
0.3940,101.198366,-33.896133,-1.471342,0.637758,-0.655736,0.048489
0.4140,104.705496,-30.949623,-1.889897,-0.046093,0.451910,-0.047332
0.4340,103.958785,-31.546069,-1.832236,-0.017558,0.029025,-0.117204
0.4540,104.271574,-35.177088,-1.849845,0.610429,-0.092244,-0.021464
0.4740,104.020395,-39.527646,-1.918720,1.459594,0.082961,0.025793
0.4940,103.866612,-41.751757,-1.552158,2.074628,-0.074332,-0.155188
0.5140,103.126594,-41.391261,-0.735686,2.111155,-0.392454,-0.150032
0.5340,103.043932,-39.090749,-0.324437,1.664993,-0.338604,-0.011137
0.5540,103.733066,-36.716865,-0.276131,1.117370,-0.032218,-0.089333
0.5740,103.991490,-35.988502,-0.235675,0.845143,0.089472,-0.105542
0.5940,104.227915,-37.063734,-0.246861,1.009320,0.097198,-0.072869
0.6140,103.920720,-38.965461,-0.362170,1.411729,0.054829,-0.062491
0.6340,103.260302,-40.697362,-0.375931,1.783656,-0.087981,-0.036320
0.6540,102.796418,-41.252664,0.479159,1.943112,-0.276675,-0.091394
0.6740,102.565725,-40.172428,-0.336765,1.814747,-0.362678,-0.081391
0.6940,102.704319,-38.208372,-0.738254,1.432578,-0.132219,-0.056288
0.7140,102.725409,-36.493935,-1.047741,1.046244,-0.052460,-0.074836
0.7340,103.145296,-35.789503,-1.312408,0.864167,-0.024545,-0.075931
0.7540,103.421219,-36.348129,-1.690288,0.937239,0.078344,-0.043044
0.7740,103.199657,-37.378221,-1.959498,1.170786,0.064610,-0.026007
0.7940,102.599429,-38.014362,-2.000420,1.347083,-0.071414,-0.054640
0.8140,102.631016,-38.027123,-1.199200,1.372164,-0.162059,-0.066752
0.8340,102.114838,-37.530684,-1.534472,1.276748,-0.289054,-0.059182
0.8540,102.312098,-36.914098,-1.525628,1.129145,-0.094683,-0.051541
0.8740,102.379105,-36.687196,-1.342121,1.046133,-0.045156,-0.065715
0.8940,102.650272,-37.171993,-1.109829,1.103976,-0.035187,-0.065978
0.9140,102.854923,-38.138115,-0.966349,1.277957,0.028131,-0.051797
0.9340,102.684774,-39.101025,-0.805850,1.479275,0.011893,-0.054497
0.9540,102.332551,-39.649553,-0.602629,1.606260,-0.080399,-0.068052
0.9740,101.916629,-39.608916,-0.439356,1.613050,-0.145068,-0.066957
0.9940,101.741926,-39.115801,-0.395224,1.519844,-0.150916,-0.059279
1.0140,101.724895,-38.530620,-0.466902,1.394002,-0.123907,-0.059020
1.0340,101.621316,-38.168398,-0.611776,1.309670,-0.099292,-0.060765
1.0540,101.586415,-38.158170,-0.809826,1.294927,-0.091686,-0.055909
1.0740,101.690900,-38.244870,-1.024457,1.329881,-0.084505,-0.049910
1.0940,101.591267,-38.299115,-1.242292,1.356237,-0.078086,-0.051558
1.1140,101.458685,-38.120746,-1.439467,1.339481,-0.085733,-0.057527
1.1340,101.414558,-37.716695,-1.580658,1.272356,-0.097201,-0.059727
1.1540,101.267213,-37.289325,-1.670464,1.179813,-0.093253,-0.057756
1.1740,101.249938,-36.978002,-1.706811,1.110645,-0.078764,-0.055872
1.1940,101.304208,-36.989861,-1.689838,1.099232,-0.059548,-0.054844
1.2140,101.429095,-37.292545,-1.618958,1.148014,-0.047553,-0.053602
1.2340,101.299033,-37.749127,-1.497414,1.232422,-0.046654,-0.052952
1.2540,101.254878,-38.150097,-1.318760,1.316850,-0.066668,-0.053648
1.2740,100.994396,-38.429646,-1.116188,1.369817,-0.090023,-0.054772
1.2940,100.943316,-38.554798,-0.943596,1.389343,-0.106956,-0.055272
1.3140,100.852219,-38.583217,-0.803844,1.388905,-0.109279,-0.055547
1.3340,100.713022,-38.598688,-0.715177,1.384270,-0.102113,-0.055505
1.3540,100.712754,-38.654017,-0.680183,1.389717,-0.091816,-0.054934
1.3740,100.665153,-38.741336,-0.704603,1.404442,-0.083882,-0.054276
1.3940,100.597876,-38.790696,-0.773741,1.418160,-0.081808,-0.054419
1.4140,100.575335,-38.741180,-0.873935,1.415978,-0.089262,-0.054875
1.4340,100.374617,-38.553862,-0.995616,1.388511,-0.095951,-0.054851
1.4540,100.234934,-38.269205,-1.135293,1.338525,-0.101159,-0.053989
1.4740,100.148306,-37.962762,-1.274978,1.281470,-0.098893,-0.052843
1.4940,100.188004,-37.766256,-1.411174,1.233345,-0.094131,-0.051588
1.5140,100.161986,-37.631078,-1.524010,1.208802,-0.086201,-0.050246
1.5340,100.045390,-37.603099,-1.594935,1.204502,-0.079178,-0.049368
1.5540,100.002489,-37.647643,-1.614754,1.211577,-0.077674,-0.049226
1.5740,100.026457,-37.734073,-1.582076,1.225546,-0.080921,-0.049534
1.5940,99.866446,-37.779324,-1.496578,1.243227,-0.083550,-0.050338
1.6140,99.803795,-37.904662,-1.386450,1.261781,-0.086190,-0.050410
1.6340,99.837785,-38.065172,-1.260491,1.285189,-0.087569,-0.050497
1.6540,99.704497,-38.258019,-1.144989,1.314347,-0.084504,-0.050678
1.6740,99.645337,-38.464228,-1.037579,1.348253,-0.083508,-0.050800
1.6940,99.595037,-38.624833,-0.948054,1.378229,-0.085584,-0.050861
1.7140,99.479815,-38.723601,-0.893720,1.395877,-0.091182,-0.050706
1.7340,99.370398,-38.740748,-0.870319,1.399493,-0.096170,-0.050571
1.7540,99.264323,-38.703069,-0.884357,1.391162,-0.099807,-0.050330
1.7740,99.261051,-38.614101,-0.933633,1.375607,-0.103165,-0.049904
1.7940,99.114915,-38.507598,-1.012017,1.356477,-0.100580,-0.049260
1.8140,99.044005,-38.387314,-1.111754,1.336026,-0.098623,-0.048585
1.8340,98.951706,-38.256766,-1.222029,1.314237,-0.096733,-0.047977
1.8540,98.889581,-38.119491,-1.325062,1.291210,-0.094305,-0.047466
1.8740,98.829940,-37.986760,-1.418076,1.268740,-0.092212,-0.047012
1.8940,98.762641,-37.873844,-1.486447,1.249503,-0.090717,-0.046785
1.9140,98.709936,-37.870094,-1.527930,1.235465,-0.089032,-0.046291
1.9340,98.654038,-37.859710,-1.530175,1.231157,-0.087851,-0.045933
1.9540,98.603936,-37.912569,-1.501107,1.237457,-0.086368,-0.045678
1.9740,98.552211,-38.019651,-1.444139,1.253892,-0.085692,-0.045469
1.9940,98.492885,-38.102481,-1.359980,1.278628,-0.086668,-0.045631
2.0140,98.425017,-38.256254,-1.269540,1.303657,-0.088932,-0.045736
2.0340,98.351055,-38.406138,-1.187238,1.327301,-0.091624,-0.045865
2.0540,98.272592,-38.522425,-1.111770,1.347489,-0.094539,-0.046028
2.0740,98.191166,-38.595613,-1.052607,1.359508,-0.097510,-0.045993
2.0940,98.112266,-38.635609,-1.017013,1.364947,-0.098548,-0.045797
2.1140,98.034073,-38.642981,-1.010500,1.365148,-0.098938,-0.045600
2.1340,97.956338,-38.633180,-1.030298,1.362517,-0.099059,-0.045316
2.1540,97.876652,-38.590425,-1.072441,1.356417,-0.099628,-0.044951
2.1740,97.796005,-38.525388,-1.133196,1.345040,-0.100269,-0.044472
2.1940,97.716740,-38.431581,-1.205197,1.329582,-0.100322,-0.044044
2.2140,97.640312,-38.320555,-1.280700,1.310365,-0.100237,-0.043602
2.2340,97.570598,-38.206456,-1.351943,1.290348,-0.099213,-0.043050
2.2540,97.508217,-38.105767,-1.414409,1.272781,-0.097403,-0.042467
2.2740,97.450756,-38.040190,-1.463887,1.261009,-0.095268,-0.041992
2.2940,97.396199,-38.078050,-1.491632,1.254852,-0.093559,-0.041574
2.3140,97.338437,-38.029281,-1.484279,1.256872,-0.093231,-0.041557
2.3340,97.280824,-38.135787,-1.466272,1.261486,-0.092695,-0.041116
2.3540,97.219288,-38.149249,-1.417155,1.274348,-0.093000,-0.041244
2.3740,97.154201,-38.242645,-1.354502,1.288792,-0.094225,-0.041292
2.3940,97.087620,-38.348281,-1.298947,1.304410,-0.095463,-0.041232
2.4140,97.019760,-38.456491,-1.241462,1.321516,-0.096297,-0.041253
2.4340,96.946464,-38.540251,-1.189591,1.335819,-0.098174,-0.041299
2.4540,96.870085,-38.599442,-1.150407,1.345038,-0.099827,-0.041162
2.4740,96.792009,-38.629805,-1.127990,1.349655,-0.100789,-0.040980
2.4940,96.712201,-38.637170,-1.125069,1.349824,-0.101866,-0.040791
2.5140,96.632898,-38.624501,-1.141516,1.347179,-0.102629,-0.040503
2.5340,96.554389,-38.590558,-1.173486,1.341542,-0.103259,-0.040127
2.5540,96.477148,-38.534864,-1.218287,1.331978,-0.103686,-0.039738
2.5740,96.402973,-38.467731,-1.271207,1.320013,-0.103282,-0.039324
2.5940,96.331356,-38.391191,-1.325886,1.306797,-0.102706,-0.038912
2.6140,96.262915,-38.314852,-1.376850,1.293469,-0.101994,-0.038442
2.6340,96.198178,-38.250936,-1.419329,1.281924,-0.100843,-0.037981
2.6540,96.135798,-38.207131,-1.453213,1.273922,-0.099734,-0.037611
2.6740,96.074706,-38.196665,-1.466254,1.271091,-0.098814,-0.037485
2.6940,96.013292,-38.204830,-1.466507,1.272720,-0.098683,-0.037110
2.7140,95.951109,-38.237487,-1.448593,1.276321,-0.098759,-0.036864
2.7340,95.888200,-38.286050,-1.414136,1.283343,-0.098628,-0.036784
2.7540,95.823163,-38.353988,-1.379433,1.292709,-0.099160,-0.036744
2.7740,95.757155,-38.437262,-1.338880,1.305303,-0.099653,-0.036678
2.7940,95.687068,-38.511889,-1.297696,1.317502,-0.101026,-0.036614
2.8140,95.614231,-38.573385,-1.261579,1.327039,-0.102395,-0.036518
2.8340,95.539546,-38.616394,-1.234621,1.333545,-0.103334,-0.036432
2.8540,95.463141,-38.639710,-1.219476,1.336786,-0.104343,-0.036291
2.8740,95.386705,-38.647655,-1.218131,1.337303,-0.105114,-0.036044
2.8940,95.310680,-38.639334,-1.230168,1.335498,-0.105620,-0.035748
2.9140,95.235102,-38.616497,-1.254147,1.331229,-0.106016,-0.035431
2.9340,95.160350,-38.577225,-1.286675,1.324581,-0.106206,-0.035104
2.9540,95.086891,-38.527393,-1.324742,1.315579,-0.106173,-0.034732
2.9740,95.015689,-38.473151,-1.364302,1.305814,-0.105742,-0.034342
2.9940,94.946558,-38.421059,-1.401149,1.296439,-0.105259,-0.033951
3.0140,94.879697,-38.377148,-1.431828,1.288489,-0.104729,-0.033555
3.0340,94.814996,-38.349875,-1.453958,1.283169,-0.104041,-0.033193
3.0540,94.751183,-38.339959,-1.465171,1.281038,-0.103545,-0.032912
3.0740,94.687373,-38.348397,-1.464521,1.281792,-0.103368,-0.032688
3.0940,94.623137,-38.373810,-1.454239,1.284832,-0.103384,-0.032492
3.1140,94.558391,-38.413454,-1.434570,1.290412,-0.103459,-0.032365
3.1340,94.492099,-38.460776,-1.408678,1.297025,-0.103968,-0.032262
3.1540,94.424981,-38.513871,-1.379942,1.304585,-0.104370,-0.032144
3.1740,94.355993,-38.565769,-1.351482,1.312366,-0.104936,-0.032048
3.1940,94.284725,-38.611242,-1.326447,1.319282,-0.105784,-0.031939
3.2140,94.211735,-38.646104,-1.307686,1.324514,-0.106646,-0.031779
3.2340,94.137546,-38.669082,-1.297435,1.327643,-0.107415,-0.031600
3.2540,94.062590,-38.678197,-1.296587,1.328673,-0.108109,-0.031407
3.2740,93.987421,-38.673138,-1.305134,1.327371,-0.108743,-0.031153
3.2940,93.912949,-38.655172,-1.322105,1.323858,-0.109129,-0.030838
3.3140,93.839754,-38.627624,-1.345548,1.318665,-0.109211,-0.030516
3.3340,93.767761,-38.592024,-1.372846,1.312267,-0.109151,-0.030201
3.3540,93.697261,-38.554049,-1.401390,1.305228,-0.108944,-0.029842
3.3740,93.628466,-38.519019,-1.428487,1.298666,-0.108538,-0.029479
3.3940,93.560872,-38.491686,-1.451272,1.293438,-0.108161,-0.029151
3.4140,93.494181,-38.473923,-1.467709,1.289934,-0.107925,-0.028843
3.4340,93.428273,-38.467480,-1.476563,1.288209,-0.107749,-0.028562
3.4540,93.362838,-38.472762,-1.477480,1.288310,-0.107604,-0.028333
3.4740,93.297345,-38.488878,-1.470743,1.290179,-0.107573,-0.028153
3.4940,93.231488,-38.516701,-1.457980,1.293580,-0.107663,-0.027971
3.5140,93.165026,-38.551977,-1.440591,1.298566,-0.107840,-0.027822
3.5340,93.097156,-38.590454,-1.420855,1.304079,-0.108299,-0.027690
3.5540,93.028013,-38.628597,-1.401195,1.309558,-0.108796,-0.027553
3.5740,92.957369,-38.662533,-1.383919,1.314464,-0.109370,-0.027416
3.5940,92.885407,-38.689306,-1.370921,1.318282,-0.110047,-0.027259
3.6140,92.632510,-38.810598,-1.308918,1.308972,-0.124675,-0.001057
3.6340,92.751612,-38.730312,-1.367960,1.319589,-0.095346,-0.055964
3.6540,92.658716,-38.718264,-1.373588,1.323906,-0.111496,-0.031884
3.6740,92.363688,-38.852467,-1.341174,1.309694,-0.136100,0.023391
3.6940,92.533046,-38.689854,-1.401172,1.309707,-0.097463,-0.047942
3.7140,92.449350,-38.668732,-1.427580,1.313142,-0.104908,-0.046148
3.7340,92.361843,-38.637886,-1.434153,1.305823,-0.122028,-0.008290
3.7540,92.268653,-38.526658,-1.469967,1.293102,-0.113917,-0.014282
3.7740,92.257447,-38.609697,-1.487631,1.299478,-0.094137,-0.059357
3.7940,92.156501,-38.583218,-1.489440,1.295398,-0.117102,-0.021314
3.8140,91.944949,-38.674494,-1.439395,1.281439,-0.132226,0.020021
3.8340,92.055926,-38.596523,-1.502508,1.289751,-0.094331,-0.051983
3.8540,91.968753,-38.598535,-1.501729,1.296518,-0.107185,-0.039802
3.8740,91.893229,-38.613330,-1.480179,1.296549,-0.121312,-0.004127
3.8940,91.825166,-38.580886,-1.482007,1.291376,-0.106556,-0.027182
3.9140,91.781394,-38.679997,-1.472381,1.306797,-0.098146,-0.052675
3.9340,91.684362,-38.698823,-1.446032,1.308358,-0.120040,-0.013938
3.9540,91.573380,-38.657606,-1.439549,1.304252,-0.121431,-0.001137
3.9740,91.578086,-38.764257,-1.436297,1.315378,-0.096058,-0.052713
3.9940,91.476988,-38.760824,-1.425130,1.316946,-0.115983,-0.025640
4.0140,91.264659,-38.858440,-1.367796,1.305626,-0.134540,0.017368
4.0340,91.356610,-38.783824,-1.429961,1.313037,-0.099811,-0.045151
4.0540,91.269456,-38.765305,-1.442482,1.316341,-0.110495,-0.035895
4.0740,91.004855,-38.970182,-1.541900,1.315116,-0.135851,0.024883
4.0940,91.129725,-38.723683,-1.463500,1.302322,-0.106130,-0.033567
4.1140,91.064660,-38.722959,-1.486451,1.307539,-0.106132,-0.040645
4.1340,90.814080,-39.393400,-1.539383,1.331627,-0.119052,0.025094
4.1540,90.912905,-38.657009,-1.507982,1.291620,-0.109749,-0.026640
4.1740,90.862217,-38.685923,-1.523967,1.299499,-0.104412,-0.040031
4.1940,90.746767,-39.361047,-1.583098,1.325158,-0.122004,0.023165
4.2140,90.708443,-38.651348,-1.525823,1.288426,-0.110687,-0.024562
4.2340,90.660863,-38.696085,-1.530250,1.299060,-0.104650,-0.037634
4.2540,90.390411,-38.836974,-1.481356,1.290098,-0.132895,0.012036
4.2740,90.516821,-38.732165,-1.508927,1.296210,-0.107465,-0.030037
4.2940,90.452730,-38.746371,-1.506822,1.305189,-0.109565,-0.029608
4.3140,90.343321,-38.697331,-1.501842,1.298704,-0.119361,-0.016736
4.3340,90.318348,-38.798978,-1.489128,1.311026,-0.107276,-0.030189
4.3540,90.183617,-38.743253,-1.486968,1.304898,-0.122911,-0.009916
4.3740,90.174939,-38.836026,-1.478774,1.313279,-0.107843,-0.032180
4.3940,89.971200,-38.907726,-1.430883,1.303529,-0.130113,0.003607
4.4140,90.025926,-38.842852,-1.478357,1.309531,-0.110170,-0.030353
4.4340,89.781094,-39.022893,-1.582002,1.315235,-0.125279,0.005400
4.4540,89.872568,-38.807955,-1.494227,1.303581,-0.114518,-0.025834
4.4740,89.818886,-38.807035,-1.508767,1.309145,-0.113358,-0.023028
4.4940,89.719362,-38.746192,-1.522944,1.297376,-0.118328,-0.019670
4.5140,89.681775,-38.792218,-1.532438,1.304525,-0.110704,-0.026923
4.5340,89.563482,-38.705938,-1.549929,1.294156,-0.122228,-0.011889
4.5540,89.544483,-38.785383,-1.549542,1.300452,-0.109690,-0.027843
4.5740,89.418876,-38.713939,-1.560346,1.292538,-0.123210,-0.009041
4.5940,89.407145,-38.790387,-1.556375,1.298641,-0.110072,-0.027384
4.6140,89.273951,-38.760519,-1.551712,1.292633,-0.125402,-0.004282
4.6340,89.270507,-38.811897,-1.552455,1.299238,-0.110300,-0.027334
4.6540,89.123977,-38.837047,-1.526923,1.294102,-0.127150,-0.001256
4.6740,89.131203,-38.842991,-1.541062,1.301525,-0.111472,-0.026480
4.6940,88.955073,-38.919439,-1.493825,1.296528,-0.128133,0.001712
4.7140,88.989450,-38.871731,-1.528930,1.303828,-0.113058,-0.025378
4.7340,88.819658,-38.947823,-1.485611,1.300139,-0.127305,-0.000074
4.7540,88.848851,-38.895075,-1.523265,1.306434,-0.113922,-0.024760
4.7740,88.680646,-38.964046,-1.483897,1.301630,-0.128341,0.001266
4.7940,88.708373,-38.904845,-1.526318,1.306672,-0.114418,-0.024152
4.8140,88.542404,-38.965917,-1.492182,1.300765,-0.128323,0.000787
4.8340,88.567568,-38.900877,-1.538141,1.304771,-0.114917,-0.023542
4.8540,88.404363,-38.956225,-1.507287,1.298057,-0.128597,0.001382
4.8740,88.428260,-38.888697,-1.554882,1.301447,-0.115183,-0.022856
4.8940,88.268175,-38.942659,-1.524914,1.294630,-0.128447,0.001437
4.9140,88.290504,-38.876985,-1.571177,1.298201,-0.115320,-0.022209
4.9340,88.164208,-38.886591,-1.561486,1.293806,-0.126774,-0.002231
4.9540,88.156841,-38.875865,-1.583187,1.297717,-0.114789,-0.021829
4.9740,88.040487,-38.842318,-1.585620,1.294179,-0.125720,-0.003934
4.9940,88.023911,-38.883513,-1.587333,1.298780,-0.114489,-0.021038
5.0140,87.912881,-38.826047,-1.595022,1.295311,-0.124014,-0.007289
5.0340,87.889749,-38.900186,-1.584512,1.301386,-0.114737,-0.020015
5.0540,87.783944,-38.838560,-1.591747,1.297070,-0.123110,-0.009684
5.0740,87.754525,-38.920861,-1.577978,1.304524,-0.115378,-0.018665
5.0940,87.653494,-38.869910,-1.582765,1.298963,-0.122279,-0.012182
5.1140,87.617609,-38.939109,-1.572477,1.307147,-0.116333,-0.017165
5.1340,87.520682,-38.905898,-1.575280,1.300481,-0.121656,-0.014005
5.1540,87.315632,-39.114583,-1.654102,1.309332,-0.124704,0.006047
5.1740,87.391050,-38.950994,-1.572315,1.302058,-0.119435,-0.017430
5.1940,87.254851,-39.026908,-1.538843,1.299407,-0.128456,0.001395
5.2140,87.258959,-38.968793,-1.580381,1.303164,-0.118247,-0.017615
5.2340,87.151965,-38.934121,-1.588536,1.300484,-0.126413,-0.003675
5.2540,87.126049,-38.962260,-1.594944,1.302999,-0.117482,-0.017104
5.2740,87.025352,-38.887909,-1.613104,1.297457,-0.124249,-0.008408
5.2940,86.992900,-38.946732,-1.608572,1.301765,-0.117881,-0.014965
5.3140,86.899782,-38.905212,-1.618238,1.294207,-0.122409,-0.012310
5.3340,86.697385,-39.092759,-1.697088,1.301181,-0.125401,0.007609
5.3540,86.772376,-38.941762,-1.618812,1.294395,-0.120625,-0.014449
5.3740,86.671948,-38.974723,-1.605962,1.294342,-0.127022,-0.001275
5.3940,86.646692,-38.970300,-1.620028,1.298586,-0.118531,-0.015171
5.4140,86.551714,-38.910996,-1.631175,1.296223,-0.124232,-0.007466
5.4340,86.540378,-39.544116,-1.682099,1.324485,-0.117093,0.015277
5.4540,86.429643,-38.968799,-1.617686,1.297074,-0.121859,-0.012596
5.4740,86.312116,-39.061556,-1.578471,1.296629,-0.128292,0.001799
5.4940,86.302459,-39.016766,-1.611417,1.301782,-0.120140,-0.013597
5.5140,86.206095,-38.968574,-1.622130,1.301176,-0.125720,-0.004653
5.5340,86.172758,-39.022980,-1.613563,1.305156,-0.119794,-0.012179
5.5540,86.081713,-38.989843,-1.620434,1.299567,-0.123758,-0.010005
5.5740,85.919411,-39.117553,-1.582877,1.298326,-0.127764,0.004144
5.5940,85.954405,-39.031820,-1.620918,1.300623,-0.121802,-0.012015
5.6140,85.863881,-38.981924,-1.637294,1.300074,-0.125532,-0.005022
5.6340,85.856315,-39.573167,-1.696700,1.323855,-0.118756,0.016311
5.6540,85.742287,-39.006145,-1.639479,1.296593,-0.123550,-0.009871
5.6740,85.654294,-39.042653,-1.629812,1.296125,-0.128286,0.000455
5.6940,85.619240,-39.029413,-1.646421,1.298747,-0.121192,-0.010686
5.7140,85.531785,-38.978229,-1.659815,1.294884,-0.124786,-0.007097
5.7340,85.380469,-39.112751,-1.617369,1.292892,-0.127736,0.004494
5.7540,85.410151,-39.034635,-1.653525,1.296073,-0.122505,-0.009744
5.7740,85.322296,-38.994310,-1.665454,1.296475,-0.126198,-0.003070
5.7940,85.133035,-39.168751,-1.726749,1.299675,-0.126275,0.008076
5.8140,85.204654,-39.047609,-1.654585,1.296696,-0.123040,-0.009252
5.8340,85.119795,-38.999576,-1.662333,1.296982,-0.126285,-0.003016
5.8540,84.927501,-39.102770,-1.717458,1.291173,-0.127534,0.008894
5.8740,84.998646,-38.883427,-1.642844,1.270792,-0.124204,-0.007782
5.8940,84.922756,-38.819853,-1.656216,1.251563,-0.124686,-0.002097
5.9140,84.748390,-38.907263,-1.720146,1.244769,-0.122244,0.009804
5.9340,84.832073,-38.825477,-1.664240,1.244001,-0.118875,-0.006304
5.9540,84.759575,-38.796912,-1.685771,1.257504,-0.122240,-0.000566
5.9740,84.621882,-38.965278,-1.654708,1.265727,-0.125848,0.006030
5.9940,84.639884,-38.943632,-1.701543,1.279097,-0.123914,-0.005979
6.0140,84.554297,-38.918173,-1.718972,1.280019,-0.128761,-0.003481
6.0340,84.483617,-38.975712,-1.703738,1.278965,-0.132111,0.003266
6.0540,84.485260,-39.485333,-1.793602,1.301251,-0.123539,0.020560
6.0740,84.379781,-39.012682,-1.725820,1.285175,-0.126234,-0.004014
6.0940,84.310539,-39.072366,-1.736005,1.299633,-0.127404,0.000345
6.1140,84.175679,-39.269700,-1.685831,1.311869,-0.130241,0.006927
6.1340,84.185209,-39.285562,-1.718953,1.330244,-0.129026,-0.003846
6.1540,84.095576,-39.314341,-1.718015,1.338523,-0.132734,-0.003769
6.1740,84.007295,-39.329657,-1.714261,1.344226,-0.136002,-0.000179
6.1940,83.918891,-39.418440,-1.664661,1.340620,-0.139526,0.005049
6.2140,83.921329,-39.872531,-1.778967,1.361724,-0.130974,0.020968
6.2340,83.803256,-39.363759,-1.694888,1.340532,-0.133507,-0.002811
6.2540,83.723809,-39.297799,-1.715228,1.339112,-0.133671,-0.004206
6.2740,83.652962,-39.370104,-1.691633,1.336474,-0.134313,0.002550
6.2940,83.473923,-39.790706,-1.851224,1.343724,-0.133091,0.034911
6.3140,83.503577,-39.195625,-1.715479,1.309531,-0.134519,-0.005469
6.3340,83.253185,-39.070921,-1.736773,1.292202,-0.134935,-0.011490
6.3540,82.462156,-39.010306,-1.704667,1.285145,-0.218986,-0.012793
6.3740,81.100334,-39.191842,-1.551067,1.281715,-0.409375,0.006437
6.3940,80.172672,-39.730100,-1.429358,1.305056,-0.580850,0.033361
6.4140,79.704201,-39.676979,-1.242864,1.308558,-0.677974,0.160529
6.4340,79.835341,-39.188635,-0.828523,1.301777,-0.684466,-0.004735
6.4540,80.155755,-39.027900,-0.572522,1.285436,-0.632930,-0.047942
6.4740,80.698605,-38.897846,-0.399787,1.262767,-0.547795,-0.008156
6.4940,71.899822,-38.724975,0.363609,1.234127,-0.933286,-0.570128
6.5140,55.950584,-39.132279,-0.831761,1.286218,-0.687811,-0.037785
6.5340,77.650558,-39.006710,-0.004604,1.252450,-0.050851,0.514335
6.5540,82.918866,-39.797372,-0.354014,1.284543,0.318630,0.359647
6.5740,84.085299,-39.344408,-0.139441,1.307086,0.153361,-0.114377
6.5940,84.803575,-39.400317,-0.102618,1.343280,0.173951,0.019432
6.6140,84.868415,-39.665952,-0.352438,1.326908,0.203803,0.209141
6.6340,84.163497,-39.499633,-0.565995,1.251292,0.152695,0.060038
6.6540,84.107688,-39.172162,-0.769561,1.252031,0.123797,-0.052890
6.6740,83.901157,-39.641847,-1.138100,1.320170,0.061267,0.186793
6.6940,83.337958,-38.974888,-1.336828,1.303022,-0.000450,0.032276
6.7140,82.887643,-40.935993,-1.681081,1.276665,-0.029996,0.027226
6.7340,82.408320,-41.507690,-2.265265,1.582139,-0.085877,0.034373
6.7540,82.375922,-40.392076,-2.600665,1.554985,-0.188885,0.046026
6.7740,82.711978,-39.167534,-3.114727,1.238149,-0.075737,0.043076
6.7940,83.091794,-38.857174,-3.705133,1.051851,0.047556,0.021188
6.8140,83.295984,-39.007747,-4.292136,1.092970,0.028387,0.053810
6.8340,83.302124,-39.518750,-5.039540,1.207358,0.004378,0.068998
6.8540,83.177751,-40.211568,-5.824759,1.333726,-0.003095,0.027191
6.8740,83.148068,-40.203498,-6.551946,1.446826,-0.054928,-0.019561
6.8940,82.904954,-40.076138,-7.277406,1.457646,-0.122406,0.015521
6.9140,82.520995,-40.015128,-8.085645,1.365346,-0.150911,0.040128
6.9340,82.383340,-39.433258,-8.849234,1.221805,-0.162996,0.006036
6.9540,82.424952,-39.185092,-9.710795,1.161558,-0.182443,0.031168
6.9740,82.351071,-39.307296,-10.483184,1.159889,-0.211557,0.052977
6.9940,82.418845,-39.779630,-11.357986,1.231227,-0.219893,0.025633
7.0140,82.607947,-40.226600,-12.252066,1.330811,-0.214656,0.019236
7.0340,82.908376,-40.426346,-13.118250,1.387586,-0.204179,0.031407
7.0540,83.347413,-40.265978,-13.973362,1.367789,-0.170093,0.035295
7.0740,83.800967,-39.986840,-14.858254,1.287171,-0.131603,0.042396
7.0940,84.158150,-39.857255,-15.807837,1.227745,-0.108888,0.050566
7.1140,84.466168,-40.129305,-16.296523,1.311557,-0.099646,0.063734
7.1340,84.703497,-38.624525,-18.431276,1.268172,-0.111741,0.038754
7.1540,84.968678,-39.255253,-19.475671,1.118792,-0.113785,0.009183
7.1740,85.536034,-40.186015,-20.770620,1.390351,-0.062501,0.056122
7.1940,85.863357,-39.878676,-21.880069,1.502254,-0.047439,0.012045
7.2140,86.365449,-38.797865,-22.852020,1.369920,-0.025828,-0.041155
7.2340,86.713244,-38.394439,-23.804512,1.235885,-0.013630,0.021131
7.2540,86.883951,-38.487387,-24.792174,1.155664,-0.036418,0.055254
7.2740,87.167511,-38.595463,-25.771987,1.133196,-0.048019,0.009125
7.2940,87.663641,-39.111111,-26.832833,1.246447,-0.032934,0.030829
7.3140,88.005712,-39.483246,-27.740050,1.343092,-0.035915,0.041416
7.3340,88.401277,-39.575413,-28.654029,1.381477,-0.025234,0.010682
7.3540,88.815905,-39.391171,-29.573891,1.365988,-0.008075,0.029094
7.3740,89.314235,-38.478189,-30.325757,1.275899,-0.017515,0.011477
7.3940,89.521702,-38.542284,-31.189072,1.199760,-0.019100,0.029006
7.4140,90.160940,-38.417844,-32.077492,1.178324,-0.016610,0.017882
7.4340,90.357037,-38.638622,-32.840133,1.201736,-0.017422,0.036489
7.4540,90.808335,-38.927771,-33.639810,1.258662,-0.012357,0.020624
7.4740,91.288401,-39.204041,-34.480397,1.333107,0.001381,0.034021
7.4940,91.727016,-39.116595,-35.183360,1.342034,0.001587,0.026506
7.5140,92.204788,-38.946946,-35.972835,1.326859,0.008161,0.023734
7.5340,92.595015,-38.369971,-36.516695,1.258119,0.008798,0.006646
7.5540,93.075448,-38.502344,-37.294637,1.231779,0.008053,0.034381
7.5740,93.527355,-38.127526,-37.901341,1.195245,0.014877,-0.000260
7.5940,94.040172,-38.517411,-38.678171,1.242872,0.020500,0.035772
7.6140,94.477024,-38.560079,-39.357084,1.265176,0.024348,0.021484
7.6340,94.947421,-38.685417,-40.070185,1.304170,0.029677,0.028760
7.6540,95.402999,-38.498580,-40.651478,1.295832,0.027957,0.022578
7.6740,95.847735,-38.389905,-41.309290,1.278444,0.027611,0.025909
7.6940,96.323967,-38.073676,-41.842349,1.235430,0.027336,0.020522
7.7140,96.840103,-38.016937,-42.430141,1.217433,0.029115,0.028693
7.7340,97.335333,-37.842140,-42.946940,1.203392,0.035663,0.019184
7.7540,97.885048,-37.869058,-43.536400,1.231121,0.043920,0.024487
7.7740,98.373367,-37.886212,-43.977215,1.244384,0.047807,0.021500
7.7940,99.097274,-37.532131,-44.381543,1.250620,0.053448,-0.013448
7.8140,99.347382,-37.773718,-44.910913,1.261876,0.052567,0.023549
7.8340,100.076479,-37.272438,-45.233230,1.229573,0.052189,-0.014751
7.8540,100.304689,-37.471311,-45.738257,1.228350,0.052153,0.022987
7.8740,100.777175,-37.332069,-46.113774,1.203167,0.054356,0.009143
7.8940,101.325336,-37.359876,-46.487490,1.219913,0.056112,0.025694
7.9140,101.785078,-37.229471,-46.828047,1.216859,0.061524,0.011582
7.9340,102.530355,-36.875329,-47.085043,1.228554,0.070187,-0.015943
7.9540,102.770903,-37.126355,-47.486606,1.245210,0.067190,0.018582
7.9740,103.233151,-36.999422,-47.773983,1.225707,0.068885,0.003289
7.9940,103.696427,-36.911696,-48.123001,1.228940,0.070071,0.020426
8.0140,104.178260,-36.648669,-48.324084,1.202434,0.068247,0.009763
8.0340,104.671362,-36.550551,-48.576229,1.189022,0.073751,-0.000634
8.0540,105.192449,-36.519675,-48.814454,1.204849,0.073069,0.021798
8.0740,105.626217,-36.328487,-49.013512,1.191360,0.076394,0.004748
8.0940,106.380780,-35.982831,-49.107553,1.187209,0.086782,-0.026194
8.1140,106.593379,-36.166924,-49.385814,1.208436,0.080444,0.015701
8.1340,107.010889,-35.971372,-49.534120,1.184384,0.081814,-0.001122
8.1540,107.726783,-35.494378,-49.577782,1.176475,0.090148,-0.022372
8.1740,107.916076,-35.662762,-49.787049,1.176950,0.081946,0.008986
8.1940,108.358115,-35.537125,-49.861990,1.158682,0.085850,-0.004617
8.2140,109.052519,-35.109230,-49.860975,1.165124,0.095504,-0.018120
8.2340,109.244102,-35.302749,-49.983059,1.170564,0.088054,0.003213
8.2540,109.673441,-35.213537,-50.001351,1.161922,0.093568,-0.008069
8.2740,110.264950,-34.984926,-50.098766,1.180464,0.093881,0.005843
8.2940,110.743111,-35.090496,-50.240565,1.166603,0.083731,-0.011384
8.3140,111.118081,-34.928749,-50.235945,1.139063,0.087233,-0.015653
8.3340,111.815632,-34.477581,-50.154885,1.144778,0.095863,-0.018974
8.3540,111.930039,-34.617859,-50.179267,1.139252,0.084610,-0.007919
8.3740,112.332455,-34.515524,-50.106892,1.127676,0.090982,-0.012906
8.3940,113.010017,-34.057399,-49.976825,1.136904,0.098738,-0.019127
8.4140,113.107502,-34.203982,-49.966074,1.131603,0.087832,-0.010384
8.4340,113.475107,-34.090591,-49.851996,1.118431,0.094979,-0.015011
8.4540,114.040268,-33.829560,-49.847157,1.135722,0.094926,0.004090
8.4740,114.190168,-33.728300,-49.627119,1.113365,0.090343,-0.008930
8.4940,114.557189,-33.599150,-49.484186,1.099053,0.094886,-0.014950
8.5140,115.116537,-33.330886,-49.441980,1.114441,0.092897,0.004870
8.5340,115.258614,-33.249170,-49.184587,1.093828,0.090369,-0.011969
8.5540,115.608842,-33.135859,-48.998423,1.084578,0.096099,-0.016866
8.5740,116.145527,-32.872687,-48.910510,1.102584,0.093490,0.004117
8.5940,116.264027,-32.786621,-48.610390,1.081240,0.090826,-0.015162
8.6140,116.587249,-32.661563,-48.382445,1.070373,0.096202,-0.018777
8.6340,117.097636,-32.387757,-48.254338,1.086146,0.092377,0.003362
8.6540,117.194012,-32.300391,-47.916241,1.063585,0.088961,-0.017903
8.6740,117.496677,-32.179586,-47.650513,1.054111,0.094406,-0.020245
8.6940,117.988914,-31.891294,-47.469357,1.069386,0.091838,-0.001533
8.7140,118.068909,-31.840921,-47.116733,1.052121,0.087562,-0.016751
8.7340,118.348650,-31.709051,-46.823532,1.042786,0.092194,-0.019964
8.7540,118.945642,-31.229605,-46.390632,1.035518,0.097215,-0.037888
8.7740,118.902986,-31.386276,-46.234952,1.041234,0.083296,-0.015569
8.7940,119.136519,-31.198845,-45.931362,1.024711,0.087512,-0.021118
8.8140,119.398626,-31.058445,-45.630203,1.024618,0.088930,-0.014039
8.8340,119.641155,-30.878607,-45.305629,1.019825,0.082611,-0.010567
8.8540,119.886893,-30.708055,-44.983167,1.012090,0.081949,-0.014482
8.8740,120.129297,-30.543220,-44.660441,1.006445,0.083290,-0.014541
8.8940,120.358248,-30.374198,-44.323400,1.000553,0.080474,-0.013594
8.9140,120.583611,-30.202958,-43.980638,0.993952,0.078142,-0.014315
8.9340,120.805808,-30.031453,-43.634420,0.987282,0.077359,-0.014909
8.9540,121.019822,-29.860463,-43.279267,0.980582,0.075619,-0.014914
8.9740,121.227162,-29.690472,-42.916131,0.973934,0.073385,-0.015043
8.9940,121.429067,-29.522290,-42.546913,0.967537,0.071541,-0.015354
9.0140,121.624206,-29.356091,-42.170797,0.961455,0.069589,-0.015554
9.0340,121.812227,-29.190827,-41.787897,0.955519,0.067312,-0.015700
9.0540,121.993553,-29.025690,-41.399295,0.949497,0.064925,-0.015895
9.0740,122.168331,-28.860651,-41.005576,0.943322,0.062427,-0.016064
9.0940,122.336764,-28.695839,-40.607191,0.937033,0.059741,-0.016184
9.1140,122.499342,-28.531528,-40.204790,0.930694,0.056920,-0.016300
9.1340,122.656538,-28.368007,-39.799004,0.924369,0.054032,-0.016409
9.1540,123.011930,-28.213785,-39.443413,0.915775,0.044491,-0.043901
9.1740,123.020704,-28.045697,-39.005741,0.914526,0.048217,-0.017464
9.1940,123.163531,-27.871816,-38.595745,0.902730,0.044153,-0.014140
9.2140,123.293189,-27.711794,-38.178491,0.893925,0.040362,-0.019055
9.2340,123.430415,-27.552347,-37.769176,0.890718,0.038719,-0.017880
9.2540,123.554015,-27.385922,-37.350358,0.884756,0.034714,-0.016834
9.2740,123.659753,-27.226124,-36.924778,0.876695,0.031750,-0.017196
9.2940,123.774576,-27.069778,-36.502870,0.869371,0.029231,-0.016982
9.3140,123.886584,-26.911266,-36.080208,0.862737,0.025248,-0.016917
9.3340,123.993987,-26.746710,-35.658608,0.855827,0.021106,-0.017148
9.3540,124.096132,-26.581684,-35.237495,0.848108,0.017143,-0.017244
9.3740,124.132178,-26.508480,-35.007249,0.842307,0.035508,-0.036445
9.3940,124.276846,-26.254499,-34.383655,0.895243,0.026537,0.208940
9.4140,124.312570,-26.127215,-33.789200,0.858710,-0.007899,-0.020279
9.4340,124.443628,-26.023078,-33.528162,0.841105,0.003385,-0.028391
9.4540,124.528806,-25.880080,-33.111574,0.829845,0.007935,-0.026572
9.4740,124.570904,-25.727483,-32.661064,0.821758,-0.004200,-0.023290
9.4940,124.633481,-25.561006,-32.223408,0.813770,-0.010133,-0.020323
9.5140,124.700017,-25.397532,-31.794816,0.804866,-0.010592,-0.017189
9.5340,124.748192,-25.246327,-31.360471,0.796800,-0.015020,-0.014337
9.5540,124.788301,-25.104966,-30.922561,0.789898,-0.021924,-0.012073
9.5740,124.830015,-24.969906,-30.486540,0.783677,-0.026894,-0.010808
9.5940,124.868651,-24.833793,-30.052699,0.777683,-0.030622,-0.009693
9.6140,124.898540,-24.690307,-29.619869,0.770603,-0.035342,-0.008463
9.6340,124.921334,-24.541570,-29.189399,0.761700,-0.040905,-0.007396
9.6540,124.940275,-24.394003,-28.762491,0.751896,-0.046431,-0.006520
9.6740,124.955755,-24.251664,-28.337493,0.742595,-0.051971,-0.005681
9.6940,124.967782,-24.115303,-27.912511,0.734380,-0.057562,-0.004927
9.7140,124.976668,-23.983319,-27.487699,0.726930,-0.062876,-0.004293
9.7340,124.981187,-23.852698,-27.064266,0.719522,-0.067972,-0.003710
9.7540,124.979453,-23.720881,-26.643304,0.711524,-0.073296,-0.003160
9.7740,124.970969,-23.587414,-26.225370,0.702737,-0.079089,-0.002664
9.7940,124.956610,-23.454004,-25.809927,0.693434,-0.085246,-0.002219
9.8140,124.937472,-23.323222,-25.395589,0.684133,-0.091525,-0.001799
9.8340,124.914089,-23.196889,-24.981189,0.675266,-0.097712,-0.001377
9.8540,124.886103,-23.075126,-24.566703,0.666934,-0.103741,-0.000940
9.8740,124.852504,-22.956580,-24.153093,0.658902,-0.109753,-0.000489
9.8940,124.812277,-22.839433,-23.741736,0.650784,-0.115975,-0.000035
9.9140,124.765152,-22.722725,-23.333382,0.642302,-0.122575,0.000409
9.9340,124.711805,-22.606824,-22.927860,0.633456,-0.129520,0.000841
9.9540,124.653310,-22.492969,-22.524397,0.624476,-0.136625,0.001262
9.9740,124.590533,-22.382383,-22.122297,0.615651,-0.143692,0.001681
9.9940,124.523585,-22.275399,-21.721681,0.607115,-0.150647,0.002102
10.0140,124.452042,-22.171417,-21.323366,0.598785,-0.157578,0.002524
10.0340,124.375229,-22.069340,-20.928392,0.590441,-0.164627,0.002943
10.0540,124.293199,-21.968304,-20.537414,0.581875,-0.171885,0.003344
10.0740,124.206345,-21.868186,-20.150336,0.573026,-0.179360,0.003670
10.0940,124.115016,-21.769530,-19.766514,0.564006,-0.186910,0.003966
10.1140,124.020139,-21.673005,-19.385434,0.554975,-0.194425,0.004186
10.1340,123.922671,-21.590341,-19.007672,0.545807,-0.201885,0.004299
10.1540,123.819947,-21.489196,-18.631419,0.537242,-0.209333,0.004421
10.1740,123.713762,-21.401215,-18.259611,0.528477,-0.216864,0.004370
10.1940,123.602981,-21.315129,-17.891670,0.519552,-0.224548,0.004192
10.2140,123.487888,-21.242283,-17.527975,0.510217,-0.232367,0.003826
10.2340,123.367749,-21.159849,-17.166526,0.500968,-0.240277,0.003244
10.2540,123.243127,-21.080389,-16.807706,0.491691,-0.248236,0.002352
10.2740,123.113879,-21.003925,-16.451321,0.482410,-0.256174,0.001076
10.2940,122.980290,-20.930394,-16.097639,0.473133,-0.264166,-0.000713
10.3140,122.842136,-20.860017,-15.747096,0.463735,-0.272310,-0.003246
10.3340,122.699528,-20.792892,-15.400021,0.454129,-0.280623,-0.006845
10.3540,122.551257,-20.726816,-15.057151,0.444674,-0.289053,-0.009345
10.3740,122.399584,-20.662557,-14.716748,0.435566,-0.297551,-0.011162
10.3940,122.228414,-20.600034,-14.369039,0.428195,-0.306141,-0.009948
10.4140,122.071582,-20.513322,-14.046703,0.425267,-0.314966,0.035706
10.4340,121.904723,-20.453716,-13.717989,0.416058,-0.323535,0.036627
10.4540,121.736550,-20.398542,-13.392232,0.407196,-0.332221,0.037511
10.4740,121.583788,-20.379902,-13.064656,0.390035,-0.340923,-0.021488
10.4940,121.390399,-20.294545,-12.751686,0.389420,-0.349910,0.039022
10.5140,121.215651,-20.242217,-12.435218,0.381451,-0.358980,0.042010
10.5340,121.033009,-20.164361,-12.122262,0.373551,-0.367844,0.043615
10.5540,120.842924,-20.165348,-11.800374,0.356394,-0.376251,-0.026114
10.5740,120.668294,-20.108996,-11.513090,0.353746,-0.385833,0.044043
10.5940,120.477568,-20.061898,-11.212691,0.344018,-0.395353,0.044187
10.6140,120.284378,-19.988484,-10.916818,0.337333,-0.403838,0.045648
10.6340,120.093646,-19.964346,-10.627024,0.329220,-0.412289,0.049261
10.6540,119.899528,-19.961698,-10.338666,0.317420,-0.422217,0.046945
10.6740,119.695850,-19.906677,-10.051612,0.307853,-0.432106,0.045240
10.6940,119.470992,-19.846559,-9.791315,0.299497,-0.444070,0.048990
10.7140,119.122769,-19.843787,-9.477143,0.274393,-0.495580,0.053553
10.7340,118.840834,-19.916322,-9.048515,0.248879,-0.535156,0.044811
10.7540,118.749862,-19.962977,-8.684024,0.249845,-0.507625,0.038244
10.7740,118.688523,-19.893962,-8.471976,0.268482,-0.460772,0.049081
10.7940,118.516595,-19.711467,-8.358017,0.277970,-0.445613,0.055108
10.8140,118.293249,-19.625856,-8.251101,0.260570,-0.443068,-0.054069
10.8340,118.087024,-19.523171,-8.196445,0.246293,-0.431277,-0.052353
10.8540,118.025855,-19.500589,-7.904085,0.253078,-0.414454,0.054986
10.8740,117.825225,-19.552940,-7.607002,0.245161,-0.417864,-0.053605
10.8940,117.665934,-20.278204,-5.360887,0.238761,-0.551651,-0.062746
10.9140,118.129047,-19.973650,-5.287662,0.212140,-0.460148,0.055497
10.9340,117.794102,-19.574050,-6.133404,0.126598,-0.442654,0.040372
10.9540,117.154226,-19.275700,-6.448709,0.078776,-0.591521,0.069239
10.9740,117.040302,-19.292351,-6.116940,0.084646,-0.625818,0.075723
10.9940,117.298368,-19.621375,-5.819165,0.113270,-0.516801,-0.063003
11.0140,117.366651,-19.673163,-5.580345,0.168643,-0.488608,0.067677
11.0340,117.102456,-19.746238,-5.418809,0.202744,-0.536148,0.084884
11.0540,117.002652,-19.779979,-5.528302,0.205317,-0.555389,0.085424
11.0740,116.932811,-19.764779,-5.685231,0.184835,-0.561342,0.083613
11.0940,116.850466,-19.657680,-5.659702,0.170292,-0.578567,0.091684
11.1140,116.710062,-19.697435,-5.435519,0.183106,-0.580599,0.100508
11.1340,116.661508,-19.900762,-5.188480,0.208781,-0.561911,0.100661
11.1540,116.587870,-20.102098,-5.049074,0.239283,-0.548905,0.106423
11.1740,116.432179,-20.131258,-5.062747,0.264775,-0.555056,0.106741
11.1940,116.238671,-20.109878,-5.158612,0.276639,-0.571949,0.107908
11.2140,116.044665,-20.172548,-5.207902,0.272622,-0.585346,0.111317
11.2340,115.853090,-20.208145,-5.134397,0.271348,-0.586439,0.111336
11.2540,115.661161,-20.189847,-4.981941,0.291200,-0.574153,0.112799
11.2740,115.458270,-20.294190,-4.862329,0.323594,-0.558659,0.122175
11.2940,115.195076,-20.431515,-4.845894,0.345880,-0.557346,0.118870
11.3140,114.540918,-20.059040,-4.605006,0.232724,-0.663516,0.124552
11.3340,114.188010,-19.881828,-4.105066,0.121799,-0.690310,0.124940
11.3540,114.222578,-19.843053,-3.873969,0.088121,-0.600515,0.096232
11.3740,114.055741,-19.954903,-4.006081,0.103423,-0.570646,-0.061581
11.3940,113.556752,-20.046883,-4.222452,0.146374,-0.640919,-0.066682
11.4140,113.212016,-19.914414,-4.336259,0.189780,-0.692012,0.137204
11.4340,112.997438,-20.024557,-4.223789,0.199806,-0.676133,0.136350
11.4540,112.784000,-20.122093,-3.964709,0.195439,-0.646620,0.131040
11.4740,112.497566,-20.084202,-3.758154,0.192250,-0.634504,0.128601
11.4940,112.228894,-20.197283,-3.748530,0.180186,-0.634710,-0.072339
11.5140,111.862212,-20.294405,-3.898274,0.189232,-0.647676,-0.070048
11.5340,111.567281,-20.226441,-4.051034,0.213625,-0.669932,0.139448
11.5540,111.323434,-20.262478,-4.041186,0.227666,-0.681340,0.142725
11.5740,111.059845,-20.302688,-3.885012,0.245565,-0.670761,0.144127
11.5940,110.711995,-20.622049,-3.696799,0.241915,-0.651728,-0.072082
11.6140,110.460103,-20.463665,-3.667045,0.259816,-0.646423,0.145762
11.6340,110.216513,-20.412757,-3.745114,0.258758,-0.655358,0.145124
11.6540,109.794303,-20.638794,-3.808683,0.247673,-0.666924,-0.071605
11.6740,109.505220,-20.703746,-3.832030,0.252867,-0.672921,-0.073016
11.6940,109.263152,-20.564094,-3.784932,0.277619,-0.670304,0.155160
11.7140,109.003287,-20.610057,-3.680274,0.290576,-0.659267,0.155032
11.7340,109.430355,-20.615482,-4.008800,0.304125,-0.635252,0.155741
11.7540,108.496368,-20.942899,-3.676997,0.292228,-0.647655,-0.073855
11.7740,108.158511,-20.826064,-3.730645,0.318006,-0.658772,0.158824
11.7940,107.850513,-20.833450,-3.780860,0.324810,-0.663202,0.162132
11.8140,107.564819,-20.865622,-3.771889,0.334769,-0.659907,0.163611
11.8340,107.348901,-21.216177,-3.698914,0.322328,-0.653970,-0.074532
11.8540,106.978641,-21.357024,-3.635894,0.335145,-0.649576,-0.071512
11.8740,106.696271,-21.157028,-3.650993,0.369754,-0.647787,0.167766
11.8940,106.386278,-21.215481,-3.690705,0.381374,-0.649848,0.170561
11.9140,106.137605,-21.529072,-3.722521,0.361797,-0.655606,-0.074837
11.9340,105.835649,-21.348672,-3.740443,0.388147,-0.659929,0.174388
11.9540,105.445200,-21.686737,-3.679953,0.380776,-0.655106,-0.073778
11.9740,105.171319,-21.811392,-3.650789,0.395171,-0.649202,-0.073704
11.9940,104.898741,-21.704899,-3.670994,0.428092,-0.648024,0.180962
12.0140,104.589880,-22.046665,-3.675996,0.417104,-0.649005,-0.075037
12.0340,104.393498,-21.780689,-3.753633,0.450751,-0.650849,0.188662
12.0540,104.121604,-21.905811,-3.782499,0.459340,-0.650758,0.190952
12.0740,103.854589,-22.035283,-3.786508,0.466432,-0.649705,0.192875
12.0940,103.501350,-22.166303,-3.755352,0.481272,-0.645451,0.194872
12.1140,103.246492,-22.514025,-3.743529,0.470347,-0.638186,-0.076208
12.1340,103.000290,-22.655350,-3.770321,0.481421,-0.635521,-0.075796
12.1540,102.840922,-22.444744,-3.844192,0.513007,-0.637500,0.202215
12.1740,102.586259,-22.502766,-3.874935,0.523464,-0.636202,0.205493
12.1940,102.352574,-22.590452,-3.896425,0.534887,-0.632087,0.207216
12.2140,102.122133,-22.753691,-3.897745,0.543659,-0.628339,0.208160
12.2340,101.801495,-22.902855,-3.905209,0.556412,-0.624356,0.209620
12.2540,101.663056,-23.220934,-3.923981,0.538904,-0.619363,-0.078525
12.2740,101.513190,-23.486464,-3.961900,0.528743,-0.616427,-0.201137
12.2940,101.296186,-23.674884,-4.004699,0.535147,-0.615992,-0.202320
12.3140,100.972643,-23.356816,-4.049741,0.598652,-0.616385,0.219571
12.3340,100.857984,-23.885685,-4.073666,0.556782,-0.610212,-0.207295
12.3540,100.562139,-23.871689,-4.100834,0.594179,-0.605608,-0.081380
12.3740,100.454190,-24.218008,-4.145539,0.579380,-0.603506,-0.211512
12.3940,100.275387,-24.329885,-4.202884,0.591789,-0.603510,-0.217083
12.4140,100.035002,-24.460060,-4.239026,0.601886,-0.599950,-0.220300
12.4340,99.741327,-24.191970,-4.291174,0.676281,-0.598289,0.237977
12.4540,99.673988,-24.804634,-4.346685,0.621749,-0.595033,-0.223823
12.4740,99.523206,-24.886037,-4.409842,0.637117,-0.592874,-0.231655
12.4940,99.085082,-24.945385,-4.426408,0.677038,-0.586899,-0.088055
12.5140,98.956261,-25.183827,-4.482967,0.688374,-0.583311,-0.087223
12.5340,93.527051,-25.184958,-2.782823,0.669015,-0.884969,-0.509311
12.5540,98.956038,-24.799226,-4.405594,0.778719,-0.520652,0.358729
12.5740,98.612468,-24.823360,-4.797185,0.703037,-0.425683,0.044007
12.5940,98.474928,-25.496392,-4.620059,0.712872,-0.537450,-0.129018
12.6140,96.388942,-25.939083,-5.148385,0.790313,-0.718563,-0.016525
12.6340,98.116692,-25.532832,-5.058582,0.773627,-0.397664,0.203945
12.6540,96.831760,-25.861426,-5.351223,0.694736,-0.530994,-0.235883
12.6740,98.076979,-26.390678,-5.347917,0.792579,-0.351455,-0.082929
12.6940,97.699953,-26.182634,-4.874053,0.861017,-0.503338,0.264046
12.7140,97.514265,-26.381361,-4.897421,0.861526,-0.583643,0.292796
12.7340,97.711042,-26.599837,-5.339613,0.852683,-0.529569,0.277725
12.7540,97.638880,-26.735041,-5.657723,0.860935,-0.521680,0.274558
12.7740,97.588531,-27.155012,-5.785745,0.825758,-0.558314,-0.107519
12.7940,97.377887,-27.015831,-5.716291,0.907589,-0.553511,0.300146
12.8140,97.645780,-27.621882,-5.783937,0.855598,-0.508924,-0.109777
12.8340,97.630629,-27.829190,-5.906118,0.864169,-0.489926,-0.110794
12.8540,97.506597,-27.924739,-6.119061,0.876530,-0.503791,-0.113996
12.8740,97.410731,-28.058723,-6.366350,0.885949,-0.518395,-0.117333
12.8940,97.198715,-27.977157,-6.500140,0.956966,-0.520583,0.310144
12.9140,97.210967,-28.528730,-6.625849,0.905928,-0.508979,-0.114884
12.9340,88.483829,-41.577510,-33.828841,0.797470,-0.083171,-0.001212
12.9540,76.734404,-39.025799,-13.043923,1.762437,1.888196,-1.732447
12.9740,95.503849,-40.914690,-32.595076,2.432968,3.058841,-0.717185
12.9940,94.746618,-47.872837,-42.133401,2.825000,3.227741,-0.943574
13.0140,107.641410,-40.721480,-22.663490,2.471629,3.006950,-1.424790
13.0340,109.442908,-40.440395,-21.843206,2.673821,3.108229,-1.218795
13.0540,109.764687,-40.031460,-24.969481,2.795647,3.172327,-1.085482
13.0740,96.107684,-48.807008,-51.768898,2.578867,3.564425,-1.681314
13.0940,94.016385,-52.264085,-56.437545,2.596735,3.612141,-1.528570
13.1140,92.764288,-54.304835,-59.736419,2.692359,3.593740,-1.339863
13.1340,92.169586,-55.488231,-62.815716,2.711522,3.598925,-1.375888
13.1540,92.046598,-56.239172,-65.776279,2.728608,3.591414,-1.403691
13.1740,91.734227,-55.048017,-66.084837,2.705739,3.590044,-1.445120
13.1940,91.940980,-53.861321,-64.797618,2.672731,3.590105,-1.424384
13.2140,92.571911,-53.758822,-62.688999,2.667526,3.599155,-1.360493
13.2340,95.032062,-52.979396,-59.056237,2.723776,3.618988,-1.248206
13.2540,98.020770,-51.372185,-56.119502,2.756617,3.652762,-1.267555
13.2740,113.083423,-42.707662,-27.363025,2.766727,3.296851,-1.134298
13.2940,99.947648,-48.152537,-51.557005,2.807447,3.667350,-1.429179
13.3140,97.132707,-49.858749,-56.386981,2.766196,3.656284,-1.342052
13.3340,96.672940,-52.056296,-62.393230,2.779724,3.626520,-1.354359
13.3540,114.159227,-43.468338,-29.328325,2.823751,3.318964,-1.135595
13.3740,114.517461,-42.986414,-29.825502,2.906342,3.423114,-1.215062
13.3940,114.780294,-43.889331,-30.818894,2.922039,3.503521,-1.194298
13.4140,114.828288,-43.661498,-30.652552,3.010514,3.353573,-1.161826
13.4340,115.614310,-43.622248,-31.243168,2.966080,3.360203,-1.225858
13.4540,115.782711,-43.759899,-32.044158,2.991520,3.345987,-1.158204
13.4740,116.588710,-43.702720,-32.123905,3.002764,3.363173,-1.142214
13.4940,116.995837,-43.907754,-32.433144,2.989198,3.363163,-1.156069
13.5140,117.763934,-43.967436,-32.362371,2.998038,3.382690,-1.133140
13.5340,118.409544,-44.020589,-32.266656,3.001443,3.396672,-1.133994
13.5540,119.747509,-43.868453,-32.079832,2.979835,3.478578,-1.116742
13.5740,120.594865,-44.537518,-31.476798,3.016594,3.583172,-1.015653
13.5940,121.675104,-44.564924,-29.981394,3.040424,3.588834,-1.026380
13.6140,122.267292,-44.750732,-30.102366,3.051474,3.606894,-1.012107
13.6340,123.460540,-44.691356,-29.088471,3.094478,3.609809,-0.961057
13.6540,124.089966,-44.686683,-29.413051,3.094339,3.606382,-0.955220
13.6740,125.131512,-44.795722,-29.091484,3.124038,3.593736,-0.909219
13.6940,125.900654,-44.995566,-28.965580,3.148144,3.565752,-0.869855
13.7140,126.446481,-45.070616,-29.029503,3.165172,3.505570,-0.864193
13.7340,126.825263,-45.123727,-29.061380,3.195675,3.438970,-0.801738
13.7540,127.555081,-45.090479,-29.296814,3.186657,3.422724,-0.857854
13.7740,128.292135,-45.170975,-29.022006,3.164779,3.429341,-0.914944
13.7940,129.328446,-45.302586,-29.196684,3.185071,3.457669,-0.851156
13.8140,120.436974,-42.606923,-45.150745,3.253049,3.677611,-1.080141
13.8340,118.714765,-42.646582,-46.212401,3.233513,3.745661,-1.087281
13.8540,120.002735,-42.013751,-45.070486,3.259892,3.710993,-1.019777
13.8740,121.103748,-42.105810,-45.059439,3.273973,3.719884,-0.996381
13.8940,122.429320,-41.699637,-44.404586,3.267564,3.728787,-1.002342
13.9140,119.005536,-42.304011,-51.309981,3.230889,3.615757,-0.923263
13.9340,132.924793,-44.424996,-30.290832,3.192649,3.278151,-0.635245
13.9540,128.814065,-43.396559,-27.272584,3.063916,3.160697,-0.799779
13.9740,119.930357,-42.984994,-52.877325,3.136090,3.636896,-1.002338
13.9940,120.816467,-42.979143,-56.206635,3.078853,3.649766,-1.131775
14.0140,131.207697,-42.760235,-25.575398,2.936729,3.082043,-0.697860
14.0340,137.573212,-45.000515,-31.922252,3.143861,3.313998,-0.765485
14.0540,129.951656,-43.262502,-27.728158,3.640411,3.222378,-0.875914
14.0740,132.637758,-42.471915,-28.299673,3.330408,3.203696,-0.197892
14.0940,132.835479,-42.624575,-28.693789,2.760037,3.249887,-0.471362
14.1140,130.814636,-42.456073,-28.517418,2.604233,3.326568,-0.405286
14.1340,138.514995,-42.179722,-35.939251,2.623927,3.346666,-0.403693
14.1540,114.050389,-29.924312,-60.818762,2.587363,2.969260,-1.205390
14.1740,133.310819,-40.885468,-25.392331,2.327274,2.970199,-0.372315
14.1940,131.826913,-42.653947,-29.444182,2.480240,3.152889,-0.175943
14.2140,137.800805,-42.836297,-37.718370,2.748257,3.380588,-0.003346
14.2340,131.528377,-41.719852,-24.382793,2.306178,2.190528,-0.235726
14.2540,131.574009,-41.341916,-31.117260,2.450401,3.154890,-0.133810
14.2740,136.954078,-41.470780,-40.059045,2.753724,3.383433,0.019559
14.2940,111.383984,-22.532558,-81.320788,2.673366,3.023663,-0.897770
14.3140,132.018970,-42.123620,-26.070605,2.402936,2.197475,-0.089190
14.3340,132.833624,-42.451113,-29.972884,2.595664,3.036741,0.261174
14.3540,129.189062,-41.870330,-36.404717,2.813952,3.295324,0.070276
14.3740,134.444479,-42.618731,-42.440821,3.020327,3.410608,0.132654
14.3940,136.232522,-44.256439,-40.312058,3.006443,3.432109,0.101566
14.4140,135.149064,-44.229051,-41.800367,3.091442,3.435315,0.139279
14.4340,134.965247,-45.149348,-40.026376,3.540571,3.436449,1.558543
14.4540,127.562422,-39.083563,-30.897743,1.973454,1.963665,-0.451333
14.4740,125.873090,-39.101819,-26.520474,2.172321,1.710392,-0.382461
14.4940,122.651782,-37.733880,-25.602147,1.928076,1.544934,-0.272386
14.5140,119.456981,-38.133751,-26.334887,1.500761,1.419215,-0.452893
14.5340,116.687128,-38.640139,-27.283492,1.414055,1.258137,-0.285724
14.5540,113.341732,-39.395283,-26.830711,1.432616,1.105092,-0.163191
14.5740,110.142712,-39.955043,-25.302783,1.432364,0.989648,-0.133056
14.5940,106.851017,-40.146142,-23.436733,1.359845,0.914602,-0.162765
14.6140,103.229250,-39.416963,-21.654066,1.220819,0.863634,-0.231603
14.6340,99.663071,-36.965741,-20.337508,0.772513,0.801413,0.765368
14.6540,95.597118,-37.674904,-17.925354,0.413314,0.739269,0.153457
14.6740,89.446670,-38.364818,-10.261784,0.685218,-2.201590,0.214352
14.6940,74.994572,-40.704682,-9.853937,1.262556,-5.709786,0.549672
14.7140,86.306664,-41.465673,-15.790896,1.571645,-1.569482,-0.745332
14.7340,89.891120,-42.599185,-17.652727,1.814462,0.845064,-0.339853
14.7540,89.271327,-43.601402,-12.254293,1.789555,0.282126,-0.267957
14.7740,85.739867,-42.848825,-8.557333,1.722177,-0.322884,-0.106315
14.7940,86.636076,-40.454550,-10.742029,1.167071,0.489704,0.795665
14.8140,85.680361,-39.019459,-12.101377,0.650111,0.360328,0.465985
14.8340,81.425319,-37.209535,-11.851014,-0.109008,-0.717226,1.901092
14.8540,79.762545,-37.636020,-11.007975,-0.391121,-1.170918,1.493946
14.8740,82.879088,-42.582289,-11.271556,1.058722,-0.309209,-0.693454
14.8940,85.382745,-43.525943,-10.838569,2.373162,0.228960,-0.344082
14.9140,83.642780,-42.432388,-9.397394,1.975146,-0.213658,0.205478
14.9340,81.915658,-42.008267,-8.925208,1.196178,-0.426752,0.235796
14.9540,81.539415,-40.566267,-9.700840,0.960318,-0.290274,0.055915
14.9740,80.532722,-40.544537,-9.292559,1.121922,-0.365056,0.041426
14.9940,79.820863,-40.810624,-8.350238,1.206521,-0.524661,-0.021465
15.0140,80.125538,-41.919591,-7.737760,1.308808,-0.409564,0.071938
15.0340,80.383353,-42.692515,-7.328816,1.424219,-0.228461,0.096597
15.0540,79.877298,-42.438727,-6.772092,1.454123,-0.232074,0.066735
15.0740,79.098974,-41.579060,-6.236503,1.333141,-0.313434,0.044716
15.0940,78.533488,-41.047552,-5.907525,1.174398,-0.338139,0.046207
15.1140,78.146182,-41.234901,-5.648419,1.141610,-0.334432,0.057088
15.1340,77.812096,-41.827631,-5.324101,1.245247,-0.339914,0.070415
15.1540,77.494812,-42.190692,-4.970164,1.351383,-0.337621,0.072753
15.1740,77.125695,-42.036722,-4.601826,1.354381,-0.325141,0.063970
15.1940,76.675501,-41.599944,-4.230910,1.266040,-0.326981,0.056904
15.2140,76.188660,-41.303737,-3.872273,1.177527,-0.346244,0.058052
15.2340,75.738544,-41.366125,-3.563349,1.160658,-0.367940,0.064193
15.2540,75.331065,-41.680251,-3.284930,1.212218,-0.385363,0.070414
15.2740,74.942037,-41.956126,-2.984321,1.274551,-0.400073,0.074221
15.2940,74.573724,-41.984920,-2.643248,1.294011,-0.409557,0.074256
15.3140,74.238485,-41.820921,-2.279387,1.263291,-0.410446,0.070960
15.3340,73.932024,-41.657408,-1.934845,1.216655,-0.406795,0.068257
15.3540,73.635280,-41.613405,-1.649587,1.194995,-0.406971,0.069426
15.3740,73.329186,-41.698999,-1.421491,1.205304,-0.414753,0.073080
15.3940,73.021277,-41.794662,-1.219098,1.226638,-0.426373,0.076390
15.4140,72.735193,-41.789388,-1.006737,1.232149,-0.434311,0.076502
15.4340,72.489175,-41.669151,-0.773938,1.212781,-0.433939,0.073478
15.4540,72.279269,-41.518136,-0.535104,1.181663,-0.427236,0.070280
15.4740,72.083128,-41.434649,-0.312520,1.159585,-0.420497,0.069388
15.4940,71.877885,-41.443022,-0.114773,1.157149,-0.418735,0.070790
15.5140,71.656144,-41.492453,0.063563,1.167012,-0.422378,0.072550
15.5340,71.426962,-41.515137,0.238536,1.174458,-0.427955,0.073240
15.5540,71.204944,-41.481758,0.419643,1.170221,-0.431698,0.072615
15.5740,70.995496,-41.416742,0.601604,1.156941,-0.432507,0.071614
15.5940,70.789136,-41.366065,0.769933,1.144167,-0.432902,0.071473
15.6140,70.569836,-41.353626,0.913353,1.138984,-0.436810,0.072713
15.6340,70.329368,-41.365373,1.031471,1.140504,-0.446110,0.074755
15.6540,70.073218,-41.368286,1.133417,1.142194,-0.459311,0.076516
15.6740,69.816712,-41.341580,1.230546,1.138492,-0.473007,0.077411
15.6940,69.572687,-41.291406,1.327578,1.129157,-0.484651,0.077626
15.7140,69.344952,-41.241857,1.422479,1.118738,-0.494134,0.077861
15.7340,69.128373,-41.209589,1.510174,1.111488,-0.502687,0.078554
15.7540,69.014728,-41.356797,1.579196,1.135914,-0.513547,0.069082
15.7740,68.759209,-41.193766,1.645981,1.070410,-0.522102,0.078700
15.7940,68.582501,-41.139566,1.740225,1.087125,-0.531928,0.094254
15.8140,68.412910,-41.082024,1.812153,1.093873,-0.536025,0.077796
15.8340,68.296107,-41.660398,1.891679,1.127971,-0.537501,0.083831
15.8540,68.150910,-40.972414,1.894805,1.059047,-0.536839,0.069301
15.8740,68.043410,-41.044482,1.961597,1.060528,-0.548822,0.097208
15.8940,67.909353,-40.958319,2.021012,1.072656,-0.549055,0.086228
15.9140,68.200565,-34.781996,0.474416,1.210558,-0.545923,0.068568
15.9340,67.774214,-40.813857,2.074070,1.069680,-0.539725,0.062534
15.9540,67.633097,-40.868518,2.089871,1.022172,-0.549157,0.088130
15.9740,67.510550,-40.810093,2.136834,1.042440,-0.552533,0.094415
15.9940,67.407970,-40.741384,2.154291,1.049118,-0.548716,0.074034
16.0140,67.364409,-41.282824,2.160002,1.074749,-0.549004,0.078804
16.0340,67.193404,-40.644559,2.161506,1.000189,-0.550204,0.073135
16.0540,67.162641,-41.279180,2.195064,1.040780,-0.567167,0.104265
16.0740,66.993134,-40.560526,2.197659,0.989441,-0.566281,0.073854
16.0940,67.272968,-34.475110,0.613327,1.144106,-0.575869,0.080994
16.1140,66.837304,-40.472931,2.214692,1.023086,-0.576602,0.068625
16.1340,66.700273,-41.180452,2.237116,1.019104,-0.591309,0.095469
16.1540,66.555465,-40.460913,2.199340,0.976268,-0.597705,0.082342
16.1740,66.456481,-40.515331,2.200839,0.992214,-0.611742,0.093672
16.1940,66.375599,-41.016303,2.196291,1.037586,-0.617865,0.090673
16.2140,64.670247,-40.515482,2.327017,1.088553,-0.639702,-0.020567
16.2340,66.406448,-40.136020,1.787179,0.987423,-0.413354,0.280931
16.2540,65.947548,-40.359358,2.245882,0.928821,-0.624472,0.113298
16.2740,65.866132,-40.442640,2.418019,0.985689,-0.680607,0.039520
16.2940,66.196756,-40.355158,2.128411,1.038361,-0.583433,0.075430
16.3140,66.023593,-40.287720,2.043651,0.975632,-0.613401,0.081080
16.3340,65.684300,-40.267576,2.115685,0.918099,-0.689878,0.096460
16.3540,65.668410,-40.246703,2.114932,0.962077,-0.679309,0.100642
16.3740,65.753340,-40.779002,2.115873,1.017782,-0.637661,0.088936
16.3940,65.815809,-40.722345,2.104109,0.981432,-0.625015,0.072270
16.4140,62.855938,-39.963955,2.563667,0.935190,-1.012196,0.314373
16.4340,65.396470,-40.217087,1.787224,0.908683,-0.688432,0.153426
16.4540,65.783802,-40.055437,1.564047,0.970157,-0.420574,-0.122331
16.4740,66.180119,-33.439562,0.202810,1.210049,-0.610213,0.079813
16.4940,65.467126,-39.825076,2.318129,0.907173,-0.705171,0.132644
16.5140,65.553228,-40.142997,2.025119,0.856321,-0.631174,0.106311
16.5340,65.426949,-40.112298,1.878497,0.957521,-0.615578,0.076367
16.5540,65.057587,-40.687888,2.682136,1.140458,-0.675264,0.090370
16.5740,65.212062,-40.478448,2.029054,0.987633,-0.694473,0.084557
16.5940,65.221216,-39.949308,1.971005,0.859973,-0.655318,0.086889
16.6140,65.209476,-39.975204,1.994938,0.910628,-0.648749,0.107130
16.6340,65.069845,-39.956273,2.036047,0.955202,-0.662894,0.083781
16.6540,65.301150,-33.970635,0.218935,1.146354,-0.674971,0.087495
16.6740,64.920270,-39.866259,1.909593,0.928887,-0.676221,0.067883
16.6940,64.809259,-40.074916,1.903548,0.892031,-0.703737,0.110294
16.7140,64.736436,-39.983809,1.961807,0.938489,-0.700361,0.106677
16.7340,64.726108,-39.875404,1.965554,0.946152,-0.680402,0.072890
16.7540,64.883249,-40.156225,1.914607,0.982803,-0.672688,0.065735
16.7740,64.682270,-39.986394,1.917406,0.880980,-0.680893,0.092851
16.7940,64.597632,-40.047204,1.945381,0.930509,-0.691394,0.117062
16.8140,64.884540,-34.238113,0.324116,1.175669,-0.678026,0.095744
16.8340,64.683833,-39.884607,1.920676,0.969599,-0.655032,0.054404
16.8540,64.672845,-40.081647,1.944712,0.909667,-0.660813,0.096908
16.8740,64.612025,-40.047046,1.996009,0.950660,-0.653608,0.111317
16.8940,64.584998,-40.656180,2.016560,1.009956,-0.646145,0.092393
16.9140,64.627958,-40.317895,1.900204,0.982582,-0.645365,0.064813
16.9340,64.496017,-40.098767,1.910940,0.912915,-0.656680,0.096364
16.9540,64.430317,-40.082934,1.951340,0.954337,-0.660407,0.110541
16.9740,64.456334,-40.614006,1.955934,1.004771,-0.650829,0.087095
16.9940,62.756192,-40.723738,2.291421,0.940417,-0.812285,-0.301509
17.0140,65.094361,-39.661912,1.424886,0.945613,-0.566686,0.258709
17.0340,62.978624,-39.834771,1.939787,0.934997,-0.599478,0.279701
17.0540,64.138838,-40.705257,1.743370,0.992739,-0.493822,0.210361
17.0740,64.289348,-39.895394,1.948607,0.936504,-0.595644,-0.086335
17.0940,64.319350,-40.080257,2.131411,1.031567,-0.636762,0.108137
17.1140,64.102077,-39.927433,1.967382,0.923097,-0.641322,0.138164
17.1340,63.941671,-40.383061,1.828603,0.964062,-0.678090,0.079586
17.1540,63.709280,-40.103999,1.821633,0.942350,-0.703387,0.069607
17.1740,63.811478,-40.576165,1.866681,1.013408,-0.703487,0.104441
17.1940,63.805305,-40.015235,1.954536,0.941421,-0.665884,0.082919
17.2140,64.002193,-40.191209,1.968914,0.977408,-0.640212,0.080491
17.2340,63.857964,-40.007419,1.969301,0.927484,-0.637106,0.086077
17.2540,63.731634,-40.613402,1.976936,0.994498,-0.657206,0.112736
17.2740,63.568920,-39.979124,1.879396,0.947910,-0.670656,0.078135
17.2940,63.647515,-40.261060,1.829360,0.987597,-0.683531,0.085546
17.3140,63.544585,-40.043695,1.872898,0.933883,-0.674165,0.090607
17.3340,63.574586,-40.416174,1.999757,1.050966,-0.651896,0.112089
17.3540,63.595277,-39.862149,1.947402,0.952032,-0.635559,0.070270
17.3740,63.679399,-40.205246,1.895796,0.969729,-0.642352,0.081316
17.3940,63.483420,-40.057289,1.895177,0.928938,-0.651511,0.096789
17.4140,63.384234,-40.062443,1.892931,0.967485,-0.659836,0.099184
17.4340,63.400227,-40.069941,1.866650,1.000628,-0.657821,0.072649
17.4540,63.425373,-40.396211,1.840536,0.973870,-0.657603,0.079297
17.4740,63.297984,-40.014389,1.892451,0.916227,-0.651243,0.095907
17.4940,63.257523,-40.016208,1.920504,0.952743,-0.649564,0.101023
17.5140,63.259408,-40.478564,1.875333,1.006300,-0.649586,0.084789
17.5340,63.158901,-40.646110,1.860436,0.973497,-0.652356,0.086289
17.5540,63.034696,-40.019852,1.852586,0.920058,-0.662637,0.094635
17.5740,62.978841,-40.063220,1.873452,0.952777,-0.671964,0.108013
17.5940,62.908453,-40.538494,1.939466,1.030321,-0.660437,0.103960
17.6140,62.884022,-40.469175,1.943039,1.011945,-0.648868,0.090008
17.6340,62.873612,-39.952214,1.869551,0.919746,-0.658135,0.086308
17.6540,62.810802,-40.078790,1.874650,0.941725,-0.670129,0.112044
17.6740,63.018266,-33.977283,0.274122,1.116832,-0.668803,0.087100
17.6940,62.614394,-40.666032,2.494092,1.146123,-0.652002,0.083569
17.7140,62.703533,-39.948878,1.835096,0.938587,-0.662677,0.078386
17.7340,62.634190,-40.074340,1.852721,0.928726,-0.670690,0.111829
17.7540,62.574318,-40.022876,1.871384,0.967369,-0.662038,0.097677
17.7740,62.632997,-40.326470,1.822076,1.010638,-0.655219,0.074241
17.7940,62.609599,-40.059529,1.810022,0.958538,-0.652372,0.071718
17.8140,62.494551,-40.081392,1.828321,0.917827,-0.663290,0.108839
17.8340,62.427133,-40.040722,1.853802,0.962647,-0.661011,0.106239
17.8540,62.398240,-40.585509,1.873324,1.014194,-0.651396,0.093607
17.8740,62.461861,-40.277339,1.789138,0.979148,-0.647264,0.069832
17.8940,62.340442,-40.052229,1.814683,0.906689,-0.656250,0.100628
17.9140,33.757980,-40.246135,0.877624,0.994311,-1.419601,-0.085489
17.9340,62.252828,-40.290766,1.551038,1.122023,-0.467685,0.370773
17.9540,62.270543,-40.309038,0.982410,0.964508,-0.237061,0.189304
17.9740,61.965106,-40.026065,2.190361,0.909930,-0.661983,-0.091150
17.9940,62.288835,-39.991347,2.320857,0.987525,-0.659963,0.169018
18.0140,62.348182,-39.899988,1.773768,0.954737,-0.541081,0.160653
18.0340,61.948865,-40.588903,1.569900,1.007654,-0.653116,0.044178
18.0540,61.451791,-40.165026,1.663552,0.935931,-0.768437,0.079194
18.0740,61.577246,-40.116437,1.747841,0.973343,-0.743474,0.140580
18.0940,61.867174,-40.977920,1.890956,1.028859,-0.650759,0.111776
18.1140,61.991273,-39.822135,1.907893,0.917555,-0.596885,0.061432
18.1340,61.966169,-39.975916,1.937118,0.924452,-0.616218,0.106088
18.1540,62.228755,-29.963308,-0.880588,1.204200,-0.651081,0.107766
18.1740,61.598412,-40.013709,1.724291,1.003535,-0.675178,0.066527
18.1940,61.425950,-40.161105,1.674394,0.941671,-0.700382,0.091858
18.2140,61.408351,-40.046491,1.756062,0.967585,-0.689303,0.112420
18.2340,61.655935,-40.211763,1.794671,1.011075,-0.660279,0.071662
18.2540,61.594977,-39.963136,1.843071,0.900335,-0.630780,0.076375
18.2740,61.548785,-40.004566,1.846553,0.942378,-0.629054,0.110713
18.2940,61.426421,-40.982556,1.842384,1.035518,-0.649439,0.122021
18.3140,61.260321,-39.967745,1.741044,0.945154,-0.662749,0.070422
18.3340,61.243671,-40.098743,1.728157,0.949687,-0.676065,0.108595
18.3540,61.201444,-40.740528,1.904935,1.121512,-0.657664,0.133188
18.3740,61.246837,-39.775764,1.812252,0.946892,-0.643796,0.061140
18.3940,61.271026,-40.006742,1.802899,0.920400,-0.642528,0.095772
18.4140,61.160080,-40.022456,1.801850,0.961499,-0.641486,0.109851
18.4340,61.202737,-40.331462,1.733023,1.030375,-0.657008,0.075975
18.4540,60.981160,-40.083286,1.716237,0.928385,-0.665481,0.084994
18.4740,60.919460,-40.055942,1.741796,0.957523,-0.666812,0.115233
18.4940,60.951504,-40.993283,1.795042,1.063167,-0.662414,0.116803
18.5140,60.879244,-39.843127,1.763475,0.910031,-0.648964,0.064253
18.5340,60.904924,-40.029714,1.769257,0.922134,-0.654644,0.111750
18.5540,60.792310,-40.020291,1.776594,0.967416,-0.655103,0.107365
18.5740,60.694660,-40.784209,1.883988,1.142532,-0.651659,0.113598
18.5940,60.665599,-39.883951,1.725841,0.964851,-0.656016,0.070699
18.6140,60.616827,-40.109036,1.713299,0.934825,-0.671469,0.111995
18.6340,60.831364,-34.017447,0.165866,1.106345,-0.669984,0.105509
18.6540,60.694807,-40.271975,1.719292,1.018478,-0.657451,0.066023
18.6740,60.550724,-39.987133,1.719566,0.895472,-0.652583,0.083154
18.6940,47.531138,-40.719355,3.380874,1.045125,-1.094708,-1.237291
18.7140,43.999800,-38.020482,-0.405132,1.069494,-1.237623,0.314810
18.7340,59.581393,-39.379068,1.054141,0.855148,-0.516068,0.770977
18.7540,59.935581,-40.464711,1.507299,0.808809,-0.363958,0.094271
18.7740,61.261453,-34.147820,0.220253,1.199295,-0.474669,-0.075255
18.7940,60.769766,-40.863929,3.189359,1.317131,-0.530429,0.186161
18.8140,60.638525,-39.506793,1.758044,0.862285,-0.607729,0.088591
18.8340,60.216912,-40.003526,1.449581,0.838659,-0.706287,0.090263
18.8540,59.897404,-40.721610,2.027190,1.122681,-0.758094,0.123691
18.8740,60.269121,-40.907083,1.736193,1.121760,-0.725533,0.104308
18.8940,60.682004,-39.836473,1.770232,0.920513,-0.631718,0.063467
18.9140,60.905864,-39.934824,1.867083,0.899265,-0.579868,0.110906
18.9340,60.774076,-40.341332,1.939587,0.996458,-0.588183,0.122798
18.9540,60.713112,-39.901081,1.716535,0.981009,-0.636636,0.054463
18.9740,60.404652,-40.111649,1.565329,0.898973,-0.692654,0.099649
18.9940,60.256940,-40.107091,1.582564,0.966503,-0.710777,0.128184
19.0140,60.750846,-34.290058,-0.180146,1.184663,-0.698255,0.081394
19.0340,60.697850,-39.825652,1.694305,0.921652,-0.643428,0.056655
19.0540,60.731853,-39.940931,1.778760,0.887662,-0.624441,0.110704
19.0740,60.534669,-41.173776,2.461296,1.126225,-0.623230,0.142319
19.0940,60.807847,-33.692000,0.002599,1.088076,-0.649868,0.053809
19.1140,60.562942,-40.056329,1.633870,0.943647,-0.677709,0.087853
19.1340,60.446087,-40.060559,1.648030,0.937847,-0.687174,0.116467
19.1540,60.468221,-40.599559,1.754123,1.004828,-0.672536,0.109058
19.1740,60.624170,-40.020514,1.703474,0.968998,-0.644576,0.060016
19.1940,60.752128,-40.038814,1.712065,0.922333,-0.638531,0.085442
19.2140,60.624929,-40.017604,1.729863,0.915198,-0.649469,0.115267
19.2340,60.520021,-40.518342,1.774627,1.025256,-0.655249,0.118165
19.2540,60.485081,-40.493254,1.703703,0.996450,-0.656117,0.083688
19.2740,60.598057,-40.424601,1.630045,0.951251,-0.665310,0.089382
19.2940,60.548767,-39.983710,1.688956,0.902996,-0.665648,0.106920
19.3140,60.569382,-40.488017,1.795256,1.005294,-0.652657,0.122688
19.3340,60.885877,-33.531653,0.071440,1.092197,-0.639568,0.063743
19.3540,60.642913,-40.456561,1.772374,1.012046,-0.641374,0.100229
19.3740,60.566279,-39.955637,1.691566,0.911957,-0.657071,0.095087
19.3940,60.523388,-40.572043,1.753149,1.001600,-0.666370,0.130324
19.4140,38.677679,-39.252612,2.722632,1.043740,-1.654893,0.887476
19.4340,52.931762,-40.863799,0.736513,0.902754,-0.562313,-0.058646
19.4540,61.081474,-40.634855,0.072775,1.021090,0.232720,-0.564604
19.4740,60.578042,-40.066038,3.069871,1.236529,-0.607981,0.046607
19.4940,60.521248,-39.414939,3.002343,0.854089,-0.861709,0.352283
19.5140,61.206149,-39.925456,1.342904,0.780717,-0.444393,0.014259
19.5340,60.807503,-34.697326,-0.604984,1.226168,-0.531933,-0.070079
19.5540,59.672293,-40.186858,1.534667,1.094230,-0.882516,0.109965
19.5740,60.067370,-40.225490,1.686628,0.963846,-0.856020,0.131638
19.5940,60.845789,-40.396157,1.644702,0.876608,-0.590526,0.087617
19.6140,61.088734,-40.259373,1.839051,0.907734,-0.521153,0.075832
19.6340,58.687355,-39.779558,2.529967,0.884991,-0.896511,-0.298309
19.6540,61.092444,-40.374786,1.398772,1.044172,-0.605747,0.278475
19.6740,60.574459,-33.823882,-0.484047,1.100389,-0.522772,0.237105
19.6940,60.116672,-40.287046,1.682621,0.984050,-0.744647,0.028577
19.7140,60.565351,-40.120400,1.760527,0.993616,-0.708003,0.068441
19.7340,60.900970,-40.269348,1.689498,0.940835,-0.594201,0.118199
19.7540,60.635487,-40.295213,2.311283,0.997784,-0.592776,0.091692
19.7740,60.674216,-39.880494,1.758785,0.925890,-0.648172,0.077313
19.7940,60.547263,-40.763237,1.667632,1.004732,-0.672760,0.121663
19.8140,60.413610,-40.625088,1.689312,1.087311,-0.670382,0.112913
19.8340,60.749876,-33.757109,-0.095774,1.103592,-0.678834,0.075441
19.8540,60.661174,-39.905768,1.715512,0.940728,-0.659768,0.084493
19.8740,60.691408,-40.462946,1.788396,0.938711,-0.637587,0.107629
19.8940,60.519433,-40.515054,2.382616,1.064802,-0.619203,0.095243
19.9140,60.606624,-39.944625,1.688250,0.950816,-0.646019,0.082529
19.9340,60.622418,-40.316605,1.620168,0.986630,-0.674276,0.097074
19.9540,60.469531,-40.108170,1.632773,0.952958,-0.678297,0.098413
19.9740,60.887011,-33.577751,-0.116861,1.138518,-0.670587,0.079514
19.9940,60.600734,-39.884244,1.683781,0.936052,-0.650876,0.071418
20.0140,60.725938,-40.011459,1.704614,0.929610,-0.647351,0.088323
20.0340,60.622654,-40.006869,1.709912,0.920551,-0.649196,0.101209
20.0540,60.552049,-40.644963,1.724914,1.008159,-0.653904,0.111022
20.0740,60.570586,-40.334356,1.616769,0.994886,-0.659670,0.072577
20.0940,60.627504,-40.421946,1.611905,0.952037,-0.670831,0.092395
20.1140,60.554297,-40.011536,1.676837,0.913450,-0.665155,0.107036
20.1340,60.455673,-40.554582,2.334206,1.093043,-0.645773,0.109588
20.1540,60.653538,-40.480890,1.704853,0.997416,-0.640523,0.076209
20.1740,60.646104,-40.581998,1.670258,0.933503,-0.648268,0.092283
20.1940,60.576786,-40.033773,1.669477,0.913036,-0.660317,0.110024
20.2140,60.535357,-40.058949,1.679581,0.961201,-0.665841,0.106043
20.2340,60.596362,-40.835211,1.750508,1.118039,-0.652769,0.098947
20.2540,60.553222,-40.358654,1.733399,0.975424,-0.643060,0.087559
20.2740,60.616676,-39.940797,1.684959,0.894434,-0.655779,0.101653
20.2940,60.586280,-40.042446,1.704975,0.937661,-0.660339,0.114310
20.3140,60.512147,-40.541405,1.752682,1.033844,-0.648583,0.103623
20.3340,60.335060,-33.420792,-0.117104,1.151199,-0.651602,-0.016055
20.3540,60.734802,-39.828216,1.368659,0.927359,-0.508269,0.347235
20.3740,60.526578,-40.047837,1.640182,0.872247,-0.709325,0.178647
20.3940,60.693612,-40.016035,1.711878,0.968494,-0.658413,-0.068277
20.4140,60.886093,-40.532595,1.606101,1.088883,-0.589235,0.108394
20.4340,60.624630,-40.245778,1.637276,0.917471,-0.659505,0.106239
20.4540,60.415113,-40.049605,1.681122,0.868670,-0.701756,0.105315
20.4740,60.788072,-33.766860,-0.084506,1.107590,-0.674715,0.099212
20.4940,57.737728,-40.592140,2.335547,1.061728,-0.806094,-0.131281
20.5140,61.039596,-40.295466,1.336842,0.986534,-0.537154,0.242201
20.5340,60.637025,-39.875305,1.535586,0.886788,-0.503969,0.209730
20.5540,60.309925,-40.701219,2.594829,1.082774,-0.677017,0.072061
20.5740,60.700520,-39.880322,1.852921,0.988243,-0.637284,0.077258
20.5940,61.031142,-33.885018,-0.124836,1.107134,-0.609341,0.088788
20.6140,60.491616,-39.993088,1.599152,0.928899,-0.676964,0.083343
20.6340,60.366236,-40.529934,1.744448,1.031032,-0.711127,0.123904
20.6540,60.499882,-39.882520,1.686771,0.959487,-0.669512,0.085048
20.6740,60.663286,-40.545043,1.701630,0.976747,-0.637518,0.092297
20.6940,60.755289,-40.069600,1.723929,0.954579,-0.628018,0.076397
20.7140,60.642322,-40.560826,1.800302,0.969336,-0.642298,0.120843
20.7340,60.554032,-39.917439,1.696837,0.937741,-0.652226,0.094564
20.7540,60.360773,-40.666200,2.275907,1.097768,-0.660939,0.107631
20.7740,60.575288,-40.385014,1.638853,1.004408,-0.669625,0.080605
20.7940,60.521384,-40.545646,1.734968,0.964414,-0.662594,0.106181
20.8140,60.580960,-39.887403,1.717032,0.918568,-0.650788,0.097399
20.8340,60.582695,-39.984259,1.725298,0.943025,-0.647131,0.098487
20.8540,60.664535,-40.728968,1.731907,1.035308,-0.646581,0.095555
20.8740,60.533595,-40.436165,1.763560,1.012847,-0.647308,0.096488
20.8940,60.538287,-39.950724,1.671810,0.926431,-0.666350,0.102094
20.9140,60.491461,-40.036354,1.680649,0.945185,-0.671200,0.107293
20.9340,60.534908,-40.961264,1.794914,1.100529,-0.654131,0.114244
20.9540,60.446441,-40.507556,2.339086,1.078493,-0.634690,0.080595
20.9740,60.638956,-39.938062,1.694751,0.916715,-0.654042,0.096035
20.9940,60.546549,-40.047884,1.700601,0.932914,-0.661916,0.115074
21.0140,60.490351,-40.400263,1.789253,1.068950,-0.651790,0.108739
21.0340,60.614283,-39.923279,1.662853,0.989615,-0.650917,0.059133
21.0540,60.641330,-40.087757,1.637576,0.929705,-0.664176,0.087368
21.0740,60.523601,-40.046904,1.686468,0.914722,-0.665669,0.118922
21.0940,60.514041,-40.391492,1.809442,1.057857,-0.650626,0.114700
21.1140,60.621136,-40.462878,1.697473,0.996310,-0.645475,0.074127
21.1340,60.646198,-40.487677,1.634522,0.944633,-0.654597,0.088609
21.1540,58.011946,-39.762199,2.218540,0.923158,-0.809571,0.270193
21.1740,60.623152,-40.459648,1.308831,1.013353,-0.581228,0.061799
21.1940,61.171465,-33.656485,-0.312979,1.144904,-0.474920,-0.121661
21.2140,60.541153,-40.337322,2.057044,1.059912,-0.665968,0.153699
21.2340,60.516768,-39.774486,1.936681,0.857426,-0.693765,0.144463
21.2540,60.673586,-40.654766,1.649531,0.937501,-0.617259,0.108555
21.2740,60.497140,-40.059881,1.551553,0.977134,-0.641049,0.069490
21.2940,60.745550,-33.917280,-0.154544,1.174485,-0.718230,0.094378
21.3140,60.467093,-39.887017,1.700016,0.937669,-0.685805,0.082791
21.3340,60.742471,-40.341764,1.667743,0.929534,-0.642568,0.097946
21.3540,60.662707,-39.978995,1.740540,0.919167,-0.629574,0.092235
21.3740,38.610816,-40.205818,3.148931,1.043069,-1.422829,-1.195878
21.3940,60.473607,-39.735044,-0.201537,1.090050,-0.253165,0.803283
21.4140,60.565028,-39.999633,0.502919,0.814935,-0.157418,0.752460
21.4340,59.656880,-40.459004,2.513095,0.834713,-0.786820,-0.172273
21.4540,61.233183,-40.075140,2.047550,1.077929,-0.550180,0.012174
21.4740,61.289203,-40.505670,1.552687,1.117886,-0.412534,0.311163
21.4940,60.199876,-40.192745,1.631164,0.882880,-0.677222,0.063080
21.5140,59.983156,-40.063258,1.541535,0.873481,-0.820878,0.081149
21.5340,60.253449,-40.180056,1.473631,0.981446,-0.743471,0.138390
21.5540,60.549100,-40.638148,1.663844,1.044970,-0.650675,0.091711
21.5740,60.858137,-39.897594,1.799546,0.969130,-0.599545,0.059600
21.5940,61.022157,-39.999006,1.822580,0.907282,-0.592848,0.095983
21.6140,60.757383,-39.988323,1.733168,0.901175,-0.619471,0.123808
21.6340,60.752937,-33.904237,-0.012288,1.110355,-0.670603,0.089891
21.6540,60.431044,-40.504207,1.499410,1.038853,-0.701257,0.069443
21.6740,60.463147,-40.528236,1.519370,0.944825,-0.700840,0.089178
21.6940,60.555797,-39.981437,1.659542,0.902128,-0.667710,0.110094
21.7140,60.681212,-39.926075,1.756511,0.941630,-0.631436,0.097152
21.7340,60.798120,-40.869817,1.757611,1.034074,-0.616464,0.089356
21.7540,60.629970,-40.495876,1.702904,0.936743,-0.629036,0.089445
21.7740,60.530591,-40.038261,1.619425,0.908898,-0.670663,0.112728
21.7940,60.439797,-40.102666,1.616434,0.961882,-0.690057,0.115498
21.8140,60.421324,-40.829500,1.721386,1.074143,-0.667866,0.110717
21.8340,60.524071,-40.237468,1.775391,1.032907,-0.637704,0.083911
21.8540,60.663033,-39.894102,1.696587,0.904079,-0.642497,0.094128
21.8740,60.501912,-40.635513,2.313536,1.071236,-0.642916,0.129459
21.8940,60.671131,-40.082913,1.648574,1.003736,-0.649949,0.069123
21.9140,60.790418,-34.074731,-0.057147,1.048808,-0.665001,0.077576
21.9340,54.038625,-39.441573,-0.467701,0.965205,-1.181179,-0.535316
21.9540,60.402681,-39.713854,1.486048,0.966531,-0.659157,0.060936
21.9740,60.710411,-40.072871,1.386152,1.007242,-0.510880,0.317429
21.9940,60.306276,-40.363392,2.214433,0.999678,-0.663562,0.078528
22.0140,60.888877,-40.021920,1.663662,0.977636,-0.638473,-0.040939
22.0340,60.768631,-40.964010,1.699307,1.046396,-0.609839,0.168833
22.0540,60.434019,-39.757767,1.666033,0.897171,-0.660648,0.084561
22.0740,60.662166,-34.199594,0.012810,1.042105,-0.693663,0.083988
22.0940,61.044325,-29.751439,-1.174764,1.223796,-0.669172,0.081188
22.1140,60.629635,-39.958363,1.639429,0.974028,-0.656890,0.067746
22.1340,60.583012,-40.056067,1.687625,0.916261,-0.656108,0.099662
22.1540,60.833496,-34.048649,0.046346,1.090840,-0.643166,0.104083
22.1740,60.704061,-40.889207,1.673760,1.032083,-0.643830,0.086370
22.1940,60.513761,-39.931231,1.623072,0.883750,-0.655389,0.074022
22.2140,60.482094,-40.053145,1.638620,0.929753,-0.671569,0.125520
22.2340,60.415609,-40.453278,1.739980,1.072127,-0.661418,0.117762
22.2540,42.718903,-39.872398,2.082148,1.007386,-1.848953,-0.751401
22.2740,55.431014,-39.364244,0.880363,0.905219,-0.652435,0.284366
22.2940,60.763839,-40.034762,0.373237,0.933899,0.056628,0.674368
22.3140,60.166978,-40.291245,2.175748,1.012903,-0.624470,-0.032185
22.3340,60.736675,-41.073647,2.975476,1.211189,-0.652209,-0.016762
22.3540,61.255285,-39.720479,1.564064,0.937748,-0.429067,0.208668
22.3740,60.444912,-40.038464,1.375096,0.873510,-0.612321,0.114944
22.3940,59.726638,-40.734584,2.129815,1.114906,-0.810146,0.085042
22.4140,59.964798,-40.557646,2.166326,1.152818,-0.762522,0.094174
22.4340,60.700273,-39.896765,1.544596,0.958410,-0.649642,0.064019
22.4540,60.861999,-39.978318,1.740446,0.876492,-0.602951,0.090899
22.4740,60.863550,-40.368538,1.938232,1.041471,-0.590569,0.127821
22.4940,60.716847,-39.805494,1.721137,0.963223,-0.606428,0.074444
22.5140,60.666384,-40.692478,1.522703,1.005366,-0.660568,0.090115
22.5340,60.329551,-40.053656,1.472921,0.907746,-0.704379,0.097934
22.5540,60.348277,-40.546422,1.608316,1.006782,-0.707267,0.134308
22.5740,60.505595,-39.797302,1.642974,0.944358,-0.657619,0.069213
22.5940,60.708435,-40.578356,2.339306,1.099394,-0.614914,0.086391
22.6140,60.785841,-39.841783,1.700610,0.914447,-0.616064,0.083648
22.6340,60.629955,-40.557933,1.709909,0.988103,-0.642123,0.130276
22.6540,60.468391,-39.954359,1.596931,0.959972,-0.662393,0.086821
22.6740,60.558536,-40.219186,1.540940,0.992474,-0.681613,0.083909
22.6940,60.557638,-40.479438,1.552726,0.968896,-0.678460,0.093563
22.7140,60.550621,-40.536724,1.669849,0.948888,-0.656903,0.105776
22.7340,60.595141,-39.856973,1.667611,0.912387,-0.639292,0.086296
22.7540,60.746663,-40.011360,1.654773,0.963615,-0.640315,0.086997
22.7740,60.483836,-40.634940,2.249886,1.081297,-0.643668,0.105545
22.7940,57.899554,-40.356367,2.811906,1.143964,-0.798971,0.246337
22.8140,60.594035,-39.862127,1.101606,0.911258,-0.584346,0.001651
22.8340,60.946723,-40.121539,1.231386,0.993625,-0.490773,-0.083985
22.8540,60.496026,-39.798199,1.921224,0.961894,-0.676792,0.151049
22.8740,60.972591,-33.361068,0.118322,1.076887,-0.685584,0.118448
22.8940,60.749903,-40.008783,1.541628,0.913389,-0.596489,0.057948
22.9140,60.646049,-40.356772,1.460627,0.986965,-0.647541,0.085078
22.9340,60.343296,-40.081473,1.608899,0.967131,-0.721600,0.109463
22.9540,60.418056,-40.500923,1.703130,1.022199,-0.690011,0.119679
22.9740,60.699300,-40.149416,1.598192,0.964936,-0.626748,0.062659
22.9940,60.802734,-40.012121,1.652374,0.911282,-0.625165,0.076610
23.0140,60.671813,-40.004102,1.703006,0.912666,-0.649783,0.115393
23.0340,60.556112,-40.002924,1.658383,0.968235,-0.653587,0.101985
23.0540,60.550434,-40.769208,1.629764,1.076226,-0.654988,0.093213
23.0740,60.561915,-40.433687,1.543322,0.953608,-0.668440,0.077107
23.0940,59.533697,-39.647261,1.615461,0.906272,-0.689137,0.041354
23.1140,60.671828,-39.829611,1.309339,0.959256,-0.440508,0.302651
23.1340,60.501836,-41.014238,2.317249,1.122793,-0.654719,0.185174
23.1540,60.786725,-40.330552,1.779212,0.954747,-0.652716,-0.070528
23.1740,60.831570,-40.038725,1.599741,0.936479,-0.594967,0.142778
23.1940,60.512349,-39.989325,1.598487,0.943141,-0.665454,0.148850
23.2140,60.285361,-40.414710,1.694112,1.058828,-0.703701,0.087046
23.2340,60.417909,-40.684713,2.165512,1.146915,-0.664029,0.074672
23.2540,60.645164,-39.906143,1.605443,0.902274,-0.650726,0.086691
23.2740,60.647720,-40.018376,1.707527,0.913630,-0.653521,0.119926
23.2940,60.609207,-39.957220,1.721023,0.965387,-0.638492,0.092998
23.3140,60.700453,-40.760408,1.622303,1.041562,-0.638533,0.078493
23.3340,60.617027,-40.153899,1.558034,0.931110,-0.657281,0.073667
23.3540,60.499900,-40.077460,1.593883,0.901647,-0.683712,0.122941
23.3740,60.476620,-40.000058,1.641489,0.960091,-0.673622,0.108581
23.3940,60.567394,-40.966405,1.726241,1.109003,-0.645214,0.101175
23.4140,60.660227,-40.380801,1.648787,0.950630,-0.634168,0.072954
23.4340,60.637413,-39.990010,1.644244,0.878526,-0.651611,0.108155
23.4540,60.568044,-40.060580,1.666955,0.946290,-0.661406,0.123143
23.4740,60.513154,-40.597301,1.682243,1.019965,-0.655832,0.095901
23.4940,60.590148,-40.686716,1.684786,1.082394,-0.648621,0.085719
23.5140,60.576758,-39.892026,1.610405,0.890957,-0.658889,0.088210
23.5340,60.573394,-40.045831,1.654301,0.919809,-0.666601,0.124614
23.5540,60.564267,-40.528100,1.691689,1.005116,-0.651549,0.106659
23.5740,60.514287,-40.403612,1.690640,1.006432,-0.636847,0.085346
23.5940,60.665337,-39.948678,1.613700,0.945891,-0.650082,0.077971
23.6140,48.788468,-39.946605,2.569268,0.967381,-0.852018,-0.762974
23.6340,61.813940,-39.696851,0.161731,1.049531,-0.180644,1.058636
23.6540,60.278837,-39.861499,1.473214,0.824274,-0.567225,0.376044
23.6740,60.377618,-40.543941,2.169642,0.934870,-0.728144,-0.211661
23.6940,61.459954,-40.049873,1.504190,1.053748,-0.487267,0.165998
23.7140,60.698722,-40.167250,1.705983,1.071352,-0.563320,0.155253
23.7340,60.148350,-39.698275,1.645755,0.880751,-0.736062,0.029602
23.7540,60.364915,-40.615051,1.500130,0.995133,-0.725740,0.089831
23.7740,60.460221,-40.014825,1.466956,0.939398,-0.674663,0.107950
23.7940,60.565028,-40.055315,1.659690,0.964684,-0.665137,0.100306
23.8140,60.773310,-39.964883,1.737004,0.991905,-0.625628,0.069923
23.8340,61.184323,-34.033704,0.009228,1.097835,-0.610243,0.076939
23.8540,60.689400,-39.900931,1.610413,0.918093,-0.634249,0.087477
23.8740,60.460901,-40.049300,1.561175,0.924974,-0.682274,0.110131
23.8940,60.462246,-40.056209,1.534300,0.997138,-0.688644,0.086922
23.9140,60.529947,-40.564924,1.558172,0.977873,-0.674031,0.088471
23.9340,60.629948,-40.503316,1.614141,0.956522,-0.650889,0.095411
23.9540,60.524360,-40.560704,2.275871,1.053362,-0.630137,0.106538
23.9740,60.670682,-39.859590,1.662011,0.941255,-0.635720,0.087715
23.9940,60.612989,-40.565384,1.657975,0.976017,-0.649362,0.107890
24.0140,60.816995,-33.760274,-0.045608,1.085939,-0.661855,0.079253
24.0340,60.537362,-39.979839,1.570831,0.967905,-0.671073,0.085866
24.0540,42.309413,-38.872938,-1.798849,0.970630,-1.379526,-0.317931
24.0740,59.909318,-40.452567,1.645299,0.975997,-0.687514,0.156627
24.0940,60.572301,-39.745466,1.250537,0.910265,-0.410890,0.193113
24.1140,60.564075,-40.298325,1.737851,0.964397,-0.638503,0.058639
24.1340,60.641588,-40.329273,1.830182,0.978418,-0.681927,0.067453
24.1540,60.740792,-40.541372,1.622996,0.964894,-0.606950,0.135925
24.1740,60.528084,-39.906315,1.522257,0.926209,-0.642914,0.092996
24.1940,60.344347,-40.470850,1.616465,1.007020,-0.704768,0.105981
24.2140,60.449709,-40.480805,1.595453,0.984445,-0.686827,0.090914
24.2340,60.597967,-40.489327,1.642944,0.942687,-0.647194,0.100237
24.2540,60.677816,-39.884414,1.667247,0.911233,-0.633888,0.092175
24.2740,60.650444,-39.957588,1.689163,0.948132,-0.640698,0.100013
24.2940,60.631531,-40.500811,1.730249,1.100289,-0.639346,0.099882
24.3140,60.513955,-40.346868,1.681022,1.027125,-0.650634,0.094707
24.3340,60.530988,-39.931846,1.578414,0.921715,-0.673837,0.099054
24.3540,60.516417,-39.991526,1.611939,0.940596,-0.674844,0.107804
24.3740,56.611535,-33.152474,0.583302,1.149161,-0.865521,0.292345
24.3940,60.755178,-39.885476,0.802704,0.890737,-0.369306,-0.212944
24.4140,61.165515,-40.135426,1.177731,1.021044,-0.383797,-0.115096
24.4340,60.409634,-39.650075,2.155872,0.960950,-0.705312,0.192579
24.4540,60.546212,-40.318908,2.004830,0.942677,-0.672164,0.167460
24.4740,60.780258,-40.349478,1.364606,0.954970,-0.560716,0.044247
24.4940,60.494324,-40.395301,1.339291,0.988351,-0.670864,0.077177
24.5140,60.196565,-40.072590,1.591414,0.959711,-0.771840,0.128825
24.5340,60.423624,-39.903637,1.646230,0.951132,-0.696261,0.106320
24.5540,60.843149,-40.645160,1.607575,1.005830,-0.601037,0.067439
24.5740,60.869651,-40.227907,1.642615,0.918343,-0.602424,0.070836
24.5940,60.681536,-40.016763,1.690162,0.898698,-0.649040,0.120939
24.6140,60.526941,-40.053850,1.609177,0.965803,-0.665341,0.117425
24.6340,60.390411,-40.857284,1.609973,1.081406,-0.664893,0.107942
24.6540,60.425603,-40.415493,1.583444,0.982745,-0.669602,0.079853
24.6740,60.524403,-39.925894,1.600663,0.895247,-0.671223,0.099751
24.6940,60.593245,-40.396716,1.736838,1.025299,-0.646829,0.133388
24.7140,60.727817,-39.986455,1.642413,0.983221,-0.629785,0.061073
24.7340,60.651111,-40.547549,1.654530,0.939411,-0.641590,0.096794
24.7540,60.554681,-39.922047,1.606869,0.923325,-0.656886,0.104453
24.7740,60.481475,-40.038795,1.588179,0.958669,-0.673645,0.103118
24.7940,58.452087,-40.594438,1.890726,1.059574,-0.703293,-0.062339
24.8140,61.064361,-40.258188,1.030913,0.991934,-0.440050,0.332465
24.8340,60.518142,-39.804007,1.663646,0.877080,-0.619276,0.124468
24.8540,60.456819,-40.036453,1.930283,0.922247,-0.701669,0.054038
24.8740,61.099045,-33.728370,-0.191783,1.182719,-0.598740,0.097155
24.8940,60.939654,-33.440724,-0.265989,1.109998,-0.609326,0.067578
24.9140,60.467261,-40.014174,1.567765,0.918624,-0.706122,0.090388
24.9340,60.403665,-40.059547,1.589288,0.925114,-0.710181,0.119778
24.9540,60.390485,-40.621097,2.244559,1.115056,-0.649263,0.105566
24.9740,60.722653,-39.990837,1.619455,1.003129,-0.629690,0.053506
24.9940,60.779063,-40.154548,1.632039,0.923513,-0.641672,0.083629
25.0140,60.631751,-40.015214,1.649356,0.907916,-0.649889,0.121729
25.0340,60.519885,-40.009818,1.616680,0.967105,-0.656770,0.101114
25.0540,60.595932,-40.755819,1.549161,1.047719,-0.666410,0.077821
25.0740,60.528553,-40.546154,1.556764,0.935701,-0.667260,0.086484
25.0940,60.550175,-39.949124,1.607102,0.895992,-0.665346,0.111046
25.1140,60.562958,-39.968150,1.708817,0.943732,-0.653479,0.107572
25.1340,60.555614,-40.758155,2.288200,1.150786,-0.634370,0.086102
25.1540,60.597266,-40.325401,1.712751,1.032146,-0.636020,0.090241
25.1740,60.584383,-39.945126,1.600425,0.914555,-0.660179,0.101678
25.1940,60.512871,-40.049320,1.605908,0.942976,-0.672963,0.114351
25.2140,60.584730,-40.140001,1.591044,1.005025,-0.663098,0.078074
25.2340,59.175574,-40.523245,1.848108,0.935141,-0.813328,-0.316031
25.2540,61.340597,-39.718525,1.154414,0.965446,-0.578820,0.261203
25.2740,60.848734,-33.611152,-0.229073,1.038082,-0.574791,0.287351
25.2940,60.427453,-39.751134,1.700416,0.935223,-0.689835,0.016283
25.3140,61.195098,-33.877108,-0.115198,1.130482,-0.618082,-0.033724
25.3340,60.759730,-40.461128,1.576179,1.042858,-0.616468,0.154464
25.3540,60.402889,-40.351906,1.719488,0.970151,-0.684844,0.109056
25.3740,60.457508,-39.906812,1.602224,0.907205,-0.685079,0.081649
25.3940,60.525198,-39.999597,1.571018,0.952466,-0.655781,0.099453
25.4140,60.608282,-40.740368,1.718657,1.113384,-0.648152,0.105103
25.4340,60.922567,-33.283849,-0.152919,1.075269,-0.648961,0.064203
25.4540,60.689852,-39.981079,1.626322,0.934700,-0.647565,0.099346
25.4740,60.551361,-40.018098,1.614265,0.933445,-0.655406,0.108408
25.4940,60.759171,-34.406965,-0.067830,1.145441,-0.664211,0.098958
25.5140,60.546666,-39.819773,1.593572,0.955241,-0.655372,0.061589
25.5340,60.660880,-40.206296,1.564218,0.943672,-0.666410,0.094432
25.5540,60.531733,-40.007135,1.616973,0.919161,-0.660819,0.109514
25.5740,60.987895,-30.254254,-1.033782,1.194357,-0.656945,0.087469
25.5940,60.624310,-39.866316,1.619636,0.992620,-0.643343,0.062960
25.6140,60.612047,-40.533764,1.564295,0.954783,-0.659274,0.095901
25.6340,60.359421,-40.587684,2.164431,1.059510,-0.655618,0.120841
25.6540,60.568536,-40.518495,1.650489,0.993477,-0.663105,0.103291
25.6740,60.540486,-39.869556,1.605177,0.913174,-0.656067,0.075855
25.6940,60.570715,-40.573573,1.671824,0.973297,-0.653591,0.118040
25.7140,60.788503,-33.820269,-0.068578,1.071732,-0.651777,0.078904
25.7340,60.926759,-33.726180,-0.043995,1.108714,-0.659258,0.078277
25.7540,60.598433,-39.998646,1.591449,0.955774,-0.659234,0.086615
25.7740,60.527854,-40.653632,1.636621,0.974006,-0.663157,0.117951
25.7940,60.758131,-33.904581,-0.057197,1.068097,-0.658998,0.079778
25.8140,60.621150,-39.905594,1.620378,0.953363,-0.655312,0.081257
25.8340,57.673790,-40.548720,2.248577,0.973697,-0.764066,-0.070830
25.8540,60.974005,-40.461133,1.158803,0.995205,-0.496751,0.324128
25.8740,60.794959,-33.946079,-0.224225,1.054377,-0.539883,0.137869
25.8940,60.451357,-39.994931,1.907826,0.962476,-0.699986,0.044909
25.9140,60.589258,-40.604530,2.386268,1.094884,-0.632019,0.120059
25.9340,60.564065,-40.501078,2.204610,1.111422,-0.591485,0.113601
25.9540,60.719550,-33.918445,-0.117186,1.067964,-0.675062,0.064886
25.9740,60.446857,-40.001561,1.587613,0.948622,-0.708789,0.092828
25.9940,57.698283,-39.892885,1.947965,0.970275,-1.050716,0.340353
26.0140,60.252649,-40.326642,1.347543,0.960246,-0.686749,0.120025
26.0340,60.829669,-40.046022,1.192284,0.962881,-0.413240,-0.150034
26.0540,60.935526,-39.978896,1.663571,1.003607,-0.609405,0.114738
26.0740,60.494350,-39.801633,1.950156,0.893571,-0.714176,0.174694
26.0940,60.556300,-40.509168,1.647480,0.975106,-0.632574,0.109014
26.1140,60.533674,-40.525233,1.403870,1.008542,-0.632422,0.063020
26.1340,60.421740,-40.372783,1.524842,0.979311,-0.713043,0.090419
26.1540,60.422225,-39.957200,1.666036,0.914019,-0.707865,0.118954
26.1740,60.908787,-33.832852,0.061082,1.076141,-0.638840,0.092871
26.1940,60.763590,-40.467102,1.676712,1.003434,-0.609389,0.071842
26.2140,60.701846,-40.430562,1.642495,0.937747,-0.640869,0.084407
26.2340,60.538783,-40.029410,1.629233,0.911077,-0.668108,0.117976
26.2540,60.451112,-40.051286,1.596194,0.965043,-0.675370,0.110868
26.2740,60.487184,-40.924002,1.652058,1.123887,-0.666556,0.102492
26.2940,60.518166,-40.386854,1.657562,0.958186,-0.654537,0.080055
26.3140,60.608433,-39.905958,1.653353,0.881370,-0.654166,0.103287
26.3340,60.605623,-39.990699,1.687763,0.934114,-0.650024,0.117018
26.3540,60.523178,-40.386469,1.731952,1.074383,-0.639686,0.102333
26.3740,60.475673,-40.548885,2.198021,1.139261,-0.640554,0.077047
26.3940,60.560832,-39.977232,1.584167,0.909729,-0.669428,0.091829
26.4140,60.499280,-40.056935,1.624093,0.925871,-0.677397,0.125964
26.4340,60.474831,-39.944455,1.655605,0.968789,-0.659390,0.091297
26.4540,60.628840,-39.962575,1.626651,1.005784,-0.643234,0.057740
26.4740,60.656512,-40.050417,1.608084,0.931712,-0.649179,0.081806
26.4940,60.523611,-40.071122,1.630369,0.920209,-0.662725,0.121532
26.5140,55.525377,-40.773021,2.344110,1.117637,-0.848594,-0.228936
26.5340,61.465400,-33.206256,-1.458950,1.084460,-0.130486,0.652627
26.5540,60.405290,-39.550397,1.399326,0.828019,-0.531907,0.253712
26.5740,60.495036,-40.176292,2.101260,0.927265,-0.715766,-0.093723
26.5940,61.341743,-34.124912,0.094570,1.259885,-0.513210,0.171238
26.6140,60.708555,-39.663979,1.478594,0.961713,-0.556391,0.105484
26.6340,60.275946,-40.214750,1.487345,0.902836,-0.750444,0.067568
26.6540,60.151811,-40.080004,1.485947,0.920655,-0.763186,0.114505
26.6740,60.419431,-40.606187,1.567860,1.015309,-0.683446,0.118571
26.6940,60.708646,-40.159371,1.622029,0.980506,-0.628662,0.055454
26.7140,60.836001,-40.507590,1.729971,0.930804,-0.613309,0.097104
26.7340,60.738338,-39.913566,1.702951,0.909719,-0.616005,0.111594
26.7540,60.581180,-40.642313,1.653587,0.993914,-0.649230,0.119144
26.7740,60.363834,-40.463480,1.573611,1.013419,-0.673228,0.094272
26.7940,60.362318,-40.410867,1.588039,0.990580,-0.686749,0.104176
26.8140,60.485136,-39.876661,1.580637,0.917015,-0.676795,0.095367
26.8340,60.655120,-40.535177,1.648889,0.966129,-0.653578,0.107812
26.8540,60.623559,-39.853096,1.666206,0.927703,-0.625625,0.076863
26.8740,57.739459,-40.072003,2.146591,1.007262,-0.713893,-0.321754
26.8940,61.428168,-39.611175,0.807882,0.993226,-0.416796,0.524090
26.9140,60.566682,-40.339453,1.316184,0.881970,-0.640480,0.331200
26.9340,60.462106,-40.151756,1.714440,0.911525,-0.706495,-0.096041
26.9540,60.798676,-40.507587,1.694233,1.144179,-0.573236,0.144429
26.9740,60.752510,-40.145420,1.584828,0.990180,-0.604542,0.127289
26.9940,60.466383,-40.484658,1.619246,0.883169,-0.694113,0.077615
27.0140,60.413197,-39.982845,1.536632,0.896886,-0.686794,0.098655
27.0340,60.447089,-40.041931,1.528820,0.975594,-0.669625,0.110205
27.0540,60.557291,-40.610067,1.690438,1.122608,-0.658820,0.092740
27.0740,60.607811,-40.359788,1.728859,1.028199,-0.637344,0.091434
27.0940,60.667335,-39.862102,1.633914,0.904253,-0.636374,0.100981
27.1140,60.570945,-39.969878,1.624686,0.929364,-0.650685,0.110945
27.1340,60.787524,-34.393686,-0.121543,1.139849,-0.663717,0.089759
27.1540,60.847325,-33.371004,-0.241353,1.106163,-0.662469,0.058907
27.1740,60.575929,-39.995447,1.549649,0.931934,-0.670625,0.093515
27.1940,60.512598,-40.026364,1.596544,0.929223,-0.667974,0.114510
27.2140,60.497163,-40.374484,1.699485,1.063957,-0.645564,0.109924
27.2340,60.671230,-39.986123,1.597521,0.988706,-0.637953,0.060170
27.2540,60.683872,-40.200515,1.557814,0.932552,-0.654862,0.086229
27.2740,60.507681,-40.026396,1.583762,0.911789,-0.666398,0.117558
27.2940,60.443435,-39.995414,1.595787,0.967233,-0.665766,0.100849
27.3140,60.620707,-40.714909,1.562152,1.041622,-0.659638,0.079661
27.3340,60.575182,-40.564600,1.560741,0.934367,-0.654254,0.085953
27.3540,60.535323,-39.947239,1.595143,0.894261,-0.658375,0.110628
27.3740,60.514591,-39.983899,1.621076,0.947158,-0.659166,0.110341
27.3940,60.558982,-40.952849,1.685811,1.107515,-0.646929,0.109603
27.4140,60.522065,-40.316915,1.676457,1.034730,-0.640374,0.087094
27.4340,60.544222,-39.924259,1.573928,0.907590,-0.663974,0.100791
27.4540,60.485886,-40.029671,1.596100,0.936341,-0.670241,0.118858
27.4740,60.541425,-40.507321,1.612617,1.003170,-0.657707,0.095414
27.4940,60.612243,-40.054333,1.561671,0.971486,-0.647315,0.062936
27.5140,60.628530,-40.051529,1.562515,0.931159,-0.656531,0.089448
27.5340,58.424987,-39.861906,1.755620,0.940065,-0.945867,0.318579
27.5540,60.445282,-40.457084,1.236559,0.952644,-0.667255,0.090591
27.5740,60.726964,-40.532825,1.196223,1.022266,-0.439233,-0.120326
27.5940,46.511746,-40.263431,3.424084,1.049822,-1.130674,-0.468254
27.6140,61.135669,-39.446356,0.304635,0.887719,-0.232187,0.699856
27.6340,60.870218,-39.688231,0.659306,0.844472,-0.171929,0.302989
27.6540,60.229893,-40.195867,2.148570,0.962527,-0.669469,-0.157716
27.6740,60.972023,-41.033727,2.579044,1.262537,-0.596837,0.180911
27.6940,60.836444,-39.663490,1.426170,0.920024,-0.509399,0.172736
27.7140,60.335872,-40.221886,1.315079,0.895107,-0.688513,0.053932
27.7340,60.006975,-40.098699,1.430797,0.937702,-0.797947,0.089367
27.7540,60.270891,-40.563654,1.535203,1.025635,-0.732844,0.129215
27.7740,60.709783,-39.858111,1.578054,0.962071,-0.622941,0.052577
27.7940,60.964203,-40.438066,1.667909,0.927133,-0.594092,0.086986
27.8140,60.807721,-39.920903,1.717137,0.914782,-0.605852,0.109562
27.8340,60.900721,-33.798356,-0.036516,1.103928,-0.644749,0.099374
27.8540,60.520543,-40.482537,1.438271,1.027105,-0.675771,0.074914
27.8740,60.344766,-40.621003,1.465031,0.946031,-0.698819,0.099478
27.8940,60.430738,-39.909230,1.525909,0.914232,-0.689882,0.106148
27.9140,60.584729,-39.907415,1.616641,0.939466,-0.654709,0.097308
27.9340,60.769632,-40.824834,1.658220,1.029445,-0.621895,0.090638
27.9540,60.632221,-40.307252,1.704564,0.997496,-0.614125,0.094074
27.9740,60.607182,-39.946969,1.569996,0.923294,-0.654589,0.107601
27.9940,60.465254,-40.065947,1.531952,0.954330,-0.681298,0.112472
28.0140,60.387894,-40.824321,1.613353,1.072387,-0.671884,0.116051
28.0340,60.732511,-33.502154,-0.213427,1.079524,-0.658049,0.058121
28.0540,60.643517,-39.930572,1.577824,0.930980,-0.654448,0.092718
28.0740,60.586567,-40.412336,1.673788,1.018032,-0.645821,0.127364
28.0940,60.655930,-39.888734,1.585184,0.975029,-0.642291,0.068285
28.1140,60.536137,-39.997460,1.542768,0.913904,-0.656333,0.088260
28.1340,60.591672,-40.288901,1.526762,0.986011,-0.665845,0.106983
28.1540,60.787474,-33.638187,-0.208218,1.086349,-0.669539,0.080269
28.1740,60.640662,-40.447692,1.519174,1.006019,-0.663415,0.083704
28.1940,60.513965,-39.985465,1.542299,0.901354,-0.654320,0.089263
28.2140,58.415781,-40.341116,1.911003,0.945695,-0.878450,-0.160164
28.2340,61.515543,-33.412893,-0.684899,1.094233,-0.565173,0.187935
28.2540,60.547624,-40.270178,1.462025,1.060485,-0.505508,0.218123
28.2740,60.261245,-39.933805,1.810776,0.901355,-0.705265,0.046548
28.2940,60.730395,-40.281136,1.653199,0.980075,-0.659595,0.080396
28.3140,61.023644,-33.634033,-0.262096,1.101582,-0.603284,0.106711
28.3340,60.509141,-39.845531,1.548218,0.965417,-0.662333,0.076644
28.3540,60.461054,-40.122638,1.539768,0.953691,-0.700301,0.079388
28.3740,60.592541,-40.169417,1.509100,0.949466,-0.669606,0.095806
28.3940,60.892122,-33.733894,-0.182381,1.078044,-0.652254,0.093030
28.4140,60.637184,-39.916945,1.611383,0.977903,-0.645815,0.080220
28.4340,60.551898,-40.481459,1.648835,0.997159,-0.645098,0.108483
28.4540,60.617259,-40.336856,1.551236,0.967917,-0.648037,0.090899
28.4740,60.395044,-40.640272,2.160249,1.057307,-0.656068,0.106635
28.4940,60.518958,-39.886932,1.558482,0.951545,-0.668347,0.092024
28.5140,58.777132,-40.188250,1.859235,0.925870,-0.761041,-0.240566
28.5340,61.343622,-40.365616,1.130720,1.084915,-0.550479,0.342473
28.5540,60.496596,-40.232778,1.592915,0.979319,-0.576560,0.226419
28.5740,60.398208,-40.016278,1.786310,0.894936,-0.697192,0.034474
28.5940,60.678816,-40.083319,1.614972,0.974407,-0.631439,0.088108
28.6140,60.896260,-34.104369,-0.230590,1.171839,-0.617190,0.121169
28.6340,60.794195,-33.156063,-0.252136,1.089317,-0.675193,0.054894
28.6540,60.509561,-39.966150,1.536752,0.907099,-0.693287,0.088773
28.6740,60.505274,-40.043868,1.537564,0.928847,-0.668052,0.119448
28.6940,60.798884,-33.894506,-0.021934,1.119490,-0.652228,0.085041
28.7140,60.715809,-40.201578,1.582137,1.021366,-0.642706,0.062133
28.7340,60.702206,-40.325536,1.534489,0.931256,-0.648336,0.086563
28.7540,60.529498,-39.993458,1.561700,0.900690,-0.657884,0.117888
28.7740,60.447589,-39.978589,1.571337,0.960090,-0.666359,0.103513
28.7940,60.577135,-40.878129,1.564020,1.049260,-0.663572,0.090339
28.8140,60.516163,-40.512566,1.574449,0.944671,-0.652742,0.087678
28.8340,60.537186,-39.920223,1.568272,0.895665,-0.658100,0.107378
28.8540,60.521868,-39.988251,1.601663,0.943904,-0.658886,0.113167
28.8740,60.934991,-33.984538,-0.094287,1.150670,-0.653646,0.073810
28.8940,60.464956,-40.583755,2.204023,1.104709,-0.639550,0.082776
28.9140,60.551985,-39.917512,1.549600,0.918306,-0.661332,0.096037
28.9340,60.468783,-40.029329,1.564536,0.931950,-0.671331,0.116530
28.9540,60.583872,-40.281255,1.555460,1.003783,-0.662250,0.087892
28.9740,60.594376,-40.432908,1.533635,0.973138,-0.653057,0.076294
28.9940,36.619129,-39.100749,3.123647,1.017833,-1.546860,0.915075
29.0140,52.321134,-40.218003,0.072076,0.738804,-0.341845,-0.208662
29.0340,61.106565,-40.700765,0.049846,1.126941,0.220446,-0.521352
29.0540,60.920341,-32.061946,0.750191,1.297003,-0.741527,0.166697
29.0740,60.794030,-39.775190,2.382317,0.814743,-0.866016,0.344833
29.0940,61.297095,-40.112949,0.976336,0.726055,-0.414268,0.009388
29.1140,60.349408,-40.528944,0.992729,1.067970,-0.569698,0.068848
29.1340,59.720850,-40.284884,1.513937,1.137330,-0.912403,0.117056
29.1540,60.090840,-40.317614,1.691703,1.022808,-0.802605,0.124699
29.1740,60.968369,-39.767216,1.490858,0.887457,-0.546416,0.055105
29.1940,61.090347,-40.498446,1.689386,0.901629,-0.541579,0.088810
29.2140,60.798898,-39.870308,1.815828,0.931529,-0.626067,0.102101
29.2340,60.596997,-40.021587,1.580429,0.967344,-0.652856,0.107686
29.2540,60.250406,-41.399627,2.040375,1.178919,-0.663760,0.122452
29.2740,60.242805,-40.434408,1.497412,1.071522,-0.701637,0.087995
29.2940,60.442979,-39.939141,1.526290,0.911253,-0.705875,0.095703
29.3140,60.659189,-39.873347,1.632813,0.908674,-0.644606,0.108324
29.3340,60.791334,-40.400271,1.672729,0.969080,-0.601480,0.086620
29.3540,60.736679,-40.047196,1.583873,0.958149,-0.613857,0.065092
29.3740,60.637236,-40.179980,1.505830,0.947823,-0.660648,0.098362
29.3940,57.577492,-40.214051,2.075964,0.965286,-0.767456,-0.003614
29.4140,60.729670,-40.584100,1.019191,1.019576,-0.499060,0.256257
29.4340,60.486998,-40.418793,1.427046,0.954549,-0.570158,0.104190
29.4540,60.579325,-40.062620,1.865227,0.925291,-0.686263,0.054057
29.4740,60.840578,-39.931184,1.709087,0.902397,-0.609849,0.123338
29.4940,60.697308,-40.485477,1.575285,1.013423,-0.593316,0.138629
29.5140,60.336050,-39.934100,1.485801,0.966230,-0.677256,0.062490
29.5340,60.381114,-40.729566,1.499909,1.027032,-0.720969,0.102815
29.5540,60.413058,-39.945764,1.483967,0.910112,-0.686561,0.098249
29.5740,60.636105,-40.548319,1.590177,0.961294,-0.653293,0.110866
29.5940,60.641009,-39.806660,1.648516,0.920638,-0.623015,0.072613
29.6140,60.702584,-40.905979,1.723266,1.069763,-0.622979,0.119925
29.6340,60.578449,-39.848511,1.555715,0.925073,-0.639151,0.078569
29.6540,60.540939,-40.723340,1.498920,0.973211,-0.679490,0.120355
29.6740,60.396578,-39.986338,1.505195,0.947917,-0.679439,0.093679
29.6940,60.467201,-40.457491,1.620246,1.012823,-0.664859,0.108273
29.7140,60.659686,-39.832258,1.570981,0.958748,-0.642623,0.063829
29.7340,60.726068,-40.482293,1.564141,0.929500,-0.645782,0.098357
29.7540,60.576363,-39.965581,1.582384,0.914786,-0.644066,0.104274
29.7740,60.522837,-40.425521,1.654171,1.060196,-0.650466,0.117055
29.7940,60.524069,-40.500796,1.568452,1.009918,-0.658043,0.088466
29.8140,60.502791,-40.576273,1.555089,0.958649,-0.664981,0.099616
29.8340,60.492647,-39.918147,1.547397,0.909227,-0.663558,0.100845
29.8540,60.539997,-40.427012,1.644930,0.995691,-0.655077,0.121528
29.8740,60.457544,-40.472776,2.231162,1.091300,-0.635091,0.087129
29.8940,60.600526,-40.379539,1.658510,1.048507,-0.641510,0.099270
29.9140,60.528332,-39.929135,1.545472,0.926366,-0.658191,0.093440
29.9340,59.468911,-40.166143,1.616821,1.008368,-0.681108,0.029070
29.9540,60.592621,-39.770797,1.169961,0.968801,-0.443014,0.260513
29.9740,60.354218,-40.798503,2.282030,1.102930,-0.657359,0.125339
29.9940,60.503721,-39.954195,1.786812,0.921684,-0.687285,0.048345
30.0140,60.784051,-40.594998,1.578839,0.980155,-0.598336,0.132560
30.0340,60.557562,-39.860399,1.510780,0.943065,-0.629782,0.095078
30.0540,60.342307,-40.506337,1.609197,1.005044,-0.698680,0.104281
30.0740,60.477052,-40.069281,1.498333,0.978196,-0.684840,0.076052
30.0940,60.626573,-40.514799,1.487077,0.943873,-0.661916,0.100621
30.1140,60.596922,-39.957522,1.592017,0.922003,-0.647175,0.097291
30.1340,60.602222,-39.931578,1.633814,0.955457,-0.642448,0.094179
30.1540,60.692833,-40.606603,1.574834,1.022663,-0.640183,0.085226
30.1740,52.373616,-40.073462,1.948053,0.855426,-1.576169,-1.224734
30.1940,56.821138,-39.430315,1.179117,1.041079,-0.652571,0.134463
30.2140,61.609798,-31.529857,-1.285326,1.077022,-0.201770,1.050243
30.2340,59.979713,-40.415827,1.904435,0.846253,-0.723062,0.019454
30.2540,60.894413,-40.354285,1.812047,0.982211,-0.619153,-0.144464
30.2740,61.325217,-40.054394,1.498846,1.101639,-0.461216,0.251600
30.2940,60.463867,-39.696443,1.546789,0.901397,-0.646202,0.152252
30.3140,60.171347,-40.564626,1.578541,1.019913,-0.756079,0.061298
30.3340,60.170300,-40.555984,1.911044,1.069551,-0.695535,0.091909
30.3540,60.523212,-39.984182,1.449741,0.964541,-0.675722,0.103232
30.3740,60.623873,-39.978322,1.645044,0.950109,-0.659077,0.091874
30.3940,60.724066,-40.307771,1.745835,1.055717,-0.605665,0.104696
30.4140,61.083600,-33.486190,-0.196383,1.113452,-0.602471,0.060453
30.4340,60.639821,-40.001151,1.503473,0.913083,-0.655387,0.088562
30.4540,60.412985,-40.060121,1.473599,0.928897,-0.697056,0.121669
30.4740,60.353069,-39.976404,1.477600,0.976847,-0.689999,0.095396
30.4940,60.584177,-40.172936,1.467945,1.024437,-0.664975,0.060750
30.5140,60.750996,-40.280433,1.479465,0.938240,-0.648618,0.080046
30.5340,60.628261,-39.971299,1.583195,0.903874,-0.639645,0.111860
30.5540,60.710099,-40.736263,1.541289,1.008096,-0.649041,0.108740
30.5740,60.483175,-39.912318,1.512065,0.923460,-0.649756,0.070683
30.5940,60.485507,-40.555534,1.545073,0.983868,-0.665632,0.117112
30.6140,60.438584,-40.784700,1.613219,1.032712,-0.663072,0.120232
30.6340,60.503535,-39.823404,1.530487,0.916055,-0.659799,0.073787
30.6540,60.562645,-39.989548,1.548952,0.929644,-0.654285,0.106285
30.6740,60.533789,-40.389956,1.630239,1.019792,-0.639400,0.116290
30.6940,60.703347,-40.386477,1.501318,1.006248,-0.647326,0.063783
30.7140,57.926020,-39.674728,2.067111,0.894670,-0.766536,0.216404
30.7340,60.598731,-40.065586,1.004199,0.913048,-0.550825,0.050511
30.7540,60.729972,-40.716504,1.343248,1.168962,-0.496649,-0.074096
30.7740,60.530474,-39.794189,1.813343,1.018974,-0.677246,0.106207
30.7940,60.561736,-39.876996,1.736955,0.832223,-0.686117,0.142568
30.8140,60.495654,-40.663760,2.068769,1.054259,-0.603489,0.120014
30.8340,60.536058,-40.145612,1.400590,1.036975,-0.649610,0.053938
30.8540,60.457580,-40.207035,1.491647,0.968984,-0.716407,0.078858
30.8740,60.474197,-39.943602,1.551204,0.904009,-0.686641,0.119364
30.8940,60.903229,-33.617160,-0.177817,1.086910,-0.638422,0.094395
30.9140,60.732967,-40.394106,1.562085,1.016276,-0.628868,0.065275
30.9340,60.681869,-40.481708,1.537985,0.941139,-0.648485,0.086933
30.9540,60.544906,-40.007435,1.532731,0.910398,-0.661126,0.116408
30.9740,60.789949,-33.713508,-0.220262,1.106272,-0.673400,0.102073
30.9940,60.498479,-40.368027,1.605147,1.088101,-0.659359,0.086104
31.0140,60.553770,-40.436471,1.572016,0.958383,-0.656035,0.088345
31.0340,60.585374,-39.914576,1.556892,0.896904,-0.653106,0.102024
31.0540,60.901686,-33.647680,-0.174202,1.091985,-0.656085,0.105526
31.0740,60.591259,-39.912860,1.565374,0.987826,-0.645521,0.071689
31.0940,60.613554,-40.617493,1.602458,1.071061,-0.650972,0.096856
31.1140,60.527667,-39.897762,1.518181,0.913565,-0.660798,0.090854
31.1340,60.403551,-40.645238,2.140005,1.078010,-0.663618,0.125814
31.1540,60.537202,-39.852886,1.562053,0.967160,-0.654501,0.077650
31.1740,58.920442,-34.352105,0.205518,1.133162,-0.707118,0.027318
31.1940,60.709393,-39.736132,1.082071,0.932539,-0.413500,0.207704
31.2140,60.506652,-40.503791,1.638860,0.999356,-0.610774,0.119017
31.2340,60.449561,-39.903333,1.850207,0.962472,-0.695716,0.057497
31.2540,60.571717,-40.569273,2.216328,1.102552,-0.606592,0.124622
31.2740,60.703314,-39.990266,1.448712,0.985810,-0.618867,0.078711
31.2940,60.370743,-40.561542,1.559251,0.955337,-0.695253,0.102960
31.3140,60.370216,-39.909561,1.537068,0.935017,-0.698847,0.103511
31.3350,-69.135120,19.482013,-14.926861,1.478425,-0.368480,-0.121057
31.3540,60.739280,-40.705774,1.559623,1.030975,-0.638855,0.083580
31.3740,60.602357,-40.454806,1.653388,0.957225,-0.632284,0.096601
31.3940,60.588960,-39.885812,1.587067,0.911052,-0.647299,0.106080
31.4140,60.495860,-39.995487,1.548273,0.946224,-0.662024,0.108333
31.4340,60.436527,-40.780647,2.159540,1.150920,-0.659777,0.092277
31.4540,60.387977,-40.562320,2.159093,1.094767,-0.656429,0.085200
31.4740,60.560082,-39.902982,1.543526,0.923801,-0.662500,0.095721
31.4940,60.530745,-39.992016,1.574418,0.930615,-0.657429,0.109741
31.5140,60.644432,-39.980144,1.581120,0.987243,-0.645738,0.079074
31.5340,60.649098,-40.142729,1.531525,0.970004,-0.649209,0.073548
31.5540,60.595055,-40.045495,1.518271,0.945861,-0.658395,0.089440
31.5740,60.745488,-34.188510,-0.118779,1.059177,-0.672374,0.104232
31.5940,60.557213,-39.939338,1.552588,0.977610,-0.663033,0.085754
31.6140,41.632756,-39.917132,2.465575,1.074179,-0.929128,-0.530615
31.6340,61.418839,-39.737007,-0.452650,1.004839,0.042161,0.975537
31.6540,60.295325,-40.074234,1.311958,0.792694,-0.472198,0.294034
31.6740,60.376280,-40.300065,2.266094,0.927339,-0.749395,-0.168062
31.6940,61.599622,-33.682295,0.021533,1.221589,-0.464994,0.193046
31.7140,60.821726,-40.165596,1.433031,1.085956,-0.509494,0.205061
31.7340,60.272771,-33.802093,-0.268894,0.997115,-0.766110,0.030884
31.7540,60.126784,-40.086953,1.365524,0.939548,-0.792789,0.099712
31.7740,60.398931,-40.064833,1.383264,0.967237,-0.695888,0.119696
31.7940,53.874531,-39.765377,-0.405137,1.019217,-1.136947,-0.568264
31.8140,60.774224,-39.751599,1.516961,0.987423,-0.588834,0.039940
31.8340,60.953054,-39.915396,1.385303,0.924031,-0.458943,0.338790
31.8540,60.426014,-40.042019,1.660640,0.871783,-0.672555,0.108204
31.8740,60.385852,-40.649583,1.594704,1.045049,-0.693195,0.069145
31.8940,60.486374,-40.540810,1.409014,1.043354,-0.641956,0.105487
31.9140,60.470536,-40.395168,1.459142,0.943585,-0.677924,0.100995
31.9340,60.492840,-39.838075,1.569848,0.873215,-0.683437,0.093057
31.9540,60.636511,-40.350905,1.657277,1.027292,-0.635987,0.119939
31.9740,60.646853,-40.315398,1.666849,1.068660,-0.611959,0.092208
31.9940,60.592787,-40.335701,1.646206,1.041094,-0.637250,0.097242
32.0140,60.549419,-39.940169,1.515681,0.932790,-0.667428,0.100259
32.0340,60.475833,-40.019049,1.499369,0.946936,-0.676079,0.108843
32.0540,60.869193,-33.261764,-0.347446,1.146781,-0.667070,0.070631
32.0740,60.476124,-40.473068,2.102514,1.087597,-0.644456,0.082941
32.0940,60.650508,-39.863777,1.549705,0.913265,-0.648671,0.090798
32.1140,60.597530,-39.990748,1.553833,0.929616,-0.652852,0.110080
32.1340,60.561462,-40.544572,1.533540,1.006186,-0.653335,0.100756
32.1540,60.555300,-40.266890,1.461452,0.984692,-0.655581,0.069889
32.1740,60.600338,-40.023896,1.472141,0.934927,-0.665526,0.086404
32.1940,60.530011,-39.985528,1.517680,0.914581,-0.669343,0.112717
32.2140,60.510557,-40.356633,1.622388,1.055178,-0.651484,0.113881
32.2340,60.579819,-40.428165,1.539634,0.992652,-0.642980,0.074463
32.2540,60.666698,-40.269479,1.481557,0.940365,-0.651683,0.082411
32.2740,60.553716,-40.012200,1.516202,0.908687,-0.663056,0.113653
32.2940,60.498504,-39.989357,1.535342,0.962763,-0.663322,0.105142
32.3140,60.560223,-40.659806,1.563556,1.066927,-0.652808,0.090879
32.3340,58.750455,-40.286352,1.814314,0.918679,-0.716000,0.132070
32.3540,60.590493,-39.870218,0.970588,0.876240,-0.451705,-0.067170
32.3740,60.857883,-39.902905,1.401587,0.996490,-0.560646,-0.037546
32.3940,60.317367,-41.055590,2.583550,1.177633,-0.695838,0.181095
32.4140,60.598140,-40.206333,1.704621,0.945059,-0.638929,0.091018
32.4340,60.661298,-40.052055,1.363561,0.882393,-0.615114,0.079057
32.4540,60.418122,-40.123221,1.448868,0.972472,-0.690079,0.116268
32.4740,60.307606,-39.933908,1.568883,0.994678,-0.712460,0.094155
32.4940,60.909452,-33.716088,-0.221929,1.136526,-0.656035,0.053579
32.5140,60.730196,-39.923076,1.518079,0.905157,-0.620777,0.076542
32.5340,60.613263,-40.041557,1.588478,0.918927,-0.644992,0.119064
32.5540,60.588893,-40.950624,1.586107,1.025447,-0.661677,0.117651
32.5740,60.429911,-39.882431,1.495178,0.929122,-0.651727,0.065815
32.5940,60.566306,-40.037424,1.475726,0.960513,-0.666084,0.092995
32.6140,60.494434,-40.956637,1.579988,0.986423,-0.674045,0.127190
32.6340,60.480840,-39.826588,1.549119,0.914700,-0.656416,0.076344
32.6540,60.552452,-39.967509,1.553651,0.937323,-0.647504,0.098224
32.6740,60.634408,-40.271241,1.532594,0.999232,-0.645052,0.093388
32.6940,60.638625,-40.040722,1.507607,0.974529,-0.654397,0.064868
32.7140,60.493756,-40.055454,1.501422,0.904523,-0.667787,0.103603
32.7340,60.425990,-40.002994,1.526880,0.958022,-0.664619,0.115247
32.7540,60.543290,-41.138154,1.598490,1.101379,-0.656886,0.111734
32.7740,60.511343,-39.772944,1.523899,0.898275,-0.647151,0.062729
32.7940,60.553473,-40.021284,1.537113,0.908864,-0.658468,0.121850
32.8140,60.961233,-30.119639,-1.157882,1.201893,-0.660108,0.103512
32.8340,60.616073,-40.468072,1.535480,1.028848,-0.653217,0.065983
32.8540,60.519226,-39.965619,1.492769,0.890215,-0.657271,0.081717
32.8740,60.483435,-40.018721,1.533189,0.935172,-0.664066,0.128053
32.8940,60.591421,-40.484473,1.495546,1.023724,-0.665816,0.087987
32.9140,60.581830,-40.433505,1.492171,0.949142,-0.655662,0.071593
32.9340,51.601816,-39.910868,3.094678,0.940830,-1.033605,-0.314092
32.9540,61.660913,-40.718096,-0.023400,1.095744,-0.160754,0.568330
32.9740,60.570523,-39.419630,0.821797,0.866599,-0.281537,0.223269
32.9940,60.373765,-40.515498,2.176035,0.953764,-0.731960,-0.093680
33.0140,60.970152,-39.884546,1.908836,0.976420,-0.571036,0.157719
33.0340,60.875526,-40.329947,1.422778,1.041120,-0.494455,0.179194
33.0540,60.222238,-39.935052,1.288685,0.961186,-0.701204,0.036619
33.0740,60.059854,-40.615061,1.321777,0.961229,-0.816819,0.099154
33.0940,60.289950,-39.985953,1.391556,0.940241,-0.726646,0.126333
33.1140,60.535995,-40.580656,2.178451,1.101974,-0.618089,0.094772
33.1340,60.902127,-40.324565,1.665177,0.986050,-0.585209,0.067849
33.1540,60.861829,-40.463338,1.633785,0.923866,-0.601673,0.099844
33.1740,60.618714,-39.971098,1.505164,0.908583,-0.641386,0.116572
33.1940,60.377880,-40.073291,1.401754,0.968761,-0.687923,0.107074
33.2140,60.677966,-33.619933,-0.334471,1.162167,-0.705075,0.066075
33.2340,60.460321,-40.405982,1.502139,1.004740,-0.679759,0.089834
33.2540,60.611939,-39.826773,1.528949,0.885969,-0.648485,0.092593
33.2740,60.689563,-39.923263,1.591446,0.921358,-0.629583,0.107815
33.2940,60.716335,-39.955793,1.556152,0.988318,-0.625573,0.075541
33.3140,59.834954,-34.105583,-0.240748,1.128392,-0.666680,0.003745
33.3340,60.590459,-39.823209,1.042884,0.962904,-0.453925,0.265008
33.3540,60.604215,-33.733551,-0.191966,1.051439,-0.698237,0.138372
33.3740,60.461745,-39.965379,1.729622,0.971487,-0.703945,0.041883
33.3940,60.636750,-40.545190,2.130110,1.097608,-0.579703,0.105814
33.4140,60.760078,-39.924724,1.461874,0.979806,-0.611943,0.081669
33.4340,60.221942,-33.463913,-0.271659,1.069936,-0.698524,0.035386
33.4540,60.561923,-39.787444,1.196887,0.971353,-0.535487,0.359261
33.4740,60.353367,-39.737655,1.429706,0.904423,-0.676013,0.108117
33.4940,60.662288,-40.893908,1.695863,1.059786,-0.654686,-0.055762
33.5140,60.646326,-40.468105,2.162828,1.097537,-0.589367,0.131832
33.5340,60.609651,-39.743974,1.555412,0.903871,-0.646399,0.114180
33.5540,60.422831,-39.947823,1.510469,0.907424,-0.680262,0.087892
33.5740,60.849636,-33.782117,-0.264518,1.148565,-0.673302,0.076549
33.5940,60.518752,-39.938432,1.447666,0.968739,-0.666784,0.073126
33.6140,60.609685,-40.056137,1.499154,0.953780,-0.666856,0.091812
33.6340,60.560953,-39.963677,1.542793,0.923344,-0.648723,0.104052
33.6540,60.688791,-39.942240,1.547270,0.977033,-0.636850,0.082344
33.6740,60.663901,-40.248997,1.484272,0.967225,-0.648799,0.077974
33.6940,60.594498,-40.309854,1.448299,0.956446,-0.662888,0.092066
33.7140,60.438267,-39.997919,1.467102,0.922323,-0.670792,0.102700
33.7340,60.578924,-40.027493,1.487733,0.984695,-0.667939,0.090047
33.7540,60.529555,-40.460278,1.556244,0.997956,-0.653731,0.101796
33.7740,60.598237,-40.429300,1.526520,0.967210,-0.645250,0.091820
33.7940,60.819277,-33.934230,-0.169885,1.040030,-0.651690,0.086062
33.8140,60.621020,-39.928496,1.518823,0.956464,-0.656376,0.095091
33.8340,60.520067,-39.977194,1.498783,0.945494,-0.661399,0.092054
33.8540,60.548227,-40.510719,1.584340,1.096927,-0.654499,0.103012
33.8740,42.491533,-33.351897,-0.015296,1.134977,-1.408699,0.486765
33.8940,57.806050,-39.795657,1.596690,0.849375,-0.910424,0.237453
33.9140,60.768589,-40.403997,0.333136,0.936965,-0.117791,-0.320190
33.9340,60.826572,-40.224085,1.517399,1.193409,-0.415229,-0.061885
33.9540,60.421933,-39.518884,2.313182,0.960902,-0.742607,0.178338
33.9740,60.881779,-39.959249,1.665160,0.802273,-0.599557,0.114721
33.9940,60.713145,-40.278694,1.116594,0.912860,-0.550729,0.078091
34.0140,60.096457,-40.207797,1.286774,1.056640,-0.742033,0.090615
34.0340,60.100859,-40.885772,1.525112,1.117782,-0.800495,0.115438
34.0540,60.525653,-40.333844,1.505841,0.911247,-0.659789,0.084486
34.0740,60.874967,-39.826301,1.543110,0.852090,-0.579561,0.088359
34.0940,60.827698,-39.924897,1.687831,0.932668,-0.605530,0.104054
34.1140,60.621490,-40.466523,1.656672,1.039125,-0.630641,0.108084
34.1340,60.531015,-39.988345,1.398174,0.989766,-0.650362,0.065531
34.1540,60.475111,-40.216676,1.326831,0.947884,-0.696032,0.096010
34.1740,60.373854,-40.057583,1.431215,0.931829,-0.706741,0.117451
34.1940,60.376794,-40.525874,2.172579,1.099944,-0.657413,0.102206
34.2140,60.770203,-39.894586,1.536235,0.981527,-0.618185,0.052858
34.2340,60.817730,-40.304097,1.504571,0.918027,-0.625945,0.086570
34.2540,60.599950,-40.048461,1.510985,0.915213,-0.650716,0.119052
34.2740,60.457696,-40.080415,1.470947,0.980605,-0.671802,0.105197
34.2940,60.507757,-40.976999,1.435737,1.066997,-0.676119,0.092033
34.3140,60.454317,-40.482881,1.476542,0.942798,-0.664409,0.086944
34.3340,60.558757,-39.879090,1.505430,0.886980,-0.661071,0.105304
34.3540,60.596315,-39.945796,1.552947,0.932422,-0.650457,0.108356
34.3740,60.975748,-34.002500,-0.166206,1.148408,-0.643528,0.071468
34.3940,60.470760,-40.540808,2.039666,1.095114,-0.637293,0.084159
34.4140,60.554388,-39.991094,1.455978,0.929056,-0.667248,0.099990
34.4340,60.473422,-40.054667,1.469571,0.940491,-0.678350,0.115145
34.4540,60.567664,-40.286841,1.462785,1.004327,-0.665423,0.083887
34.4740,60.887603,-34.189202,-0.253354,1.100361,-0.653218,0.064416
34.4940,60.641135,-39.919140,1.494965,0.917008,-0.646447,0.085351
34.5140,60.574239,-40.029356,1.503972,0.920955,-0.657923,0.113350
34.5340,60.609464,-40.334228,1.469710,1.006008,-0.659261,0.093723
34.5540,60.459613,-40.504703,1.508776,1.004277,-0.652516,0.095230
34.5740,60.608148,-40.061199,1.449480,0.965298,-0.657818,0.080676
34.5940,60.533896,-40.006981,1.475827,0.905967,-0.665317,0.103694
34.6140,60.625826,-40.144121,1.488097,0.982721,-0.658502,0.095832
34.6340,60.513020,-39.955771,1.491563,0.936827,-0.648409,0.079486
34.6540,60.663128,-40.619309,1.479429,1.013249,-0.651880,0.094810
34.6740,60.513188,-39.965353,1.462382,0.904620,-0.657150,0.087016
34.6940,60.598888,-40.075356,1.471663,0.966620,-0.665567,0.100984
34.7140,57.523354,-40.074021,2.143513,0.948206,-0.765860,-0.073688
34.7340,60.967015,-40.844879,1.057112,1.090485,-0.496333,0.219526
34.7540,60.530532,-39.766658,1.321167,0.902184,-0.528303,0.114978
34.7740,60.477638,-40.110756,1.770918,0.946393,-0.702814,0.052339
34.7940,60.669118,-39.993578,1.620828,0.943912,-0.641263,0.116632
34.8140,60.432903,-40.951805,2.404082,1.192784,-0.592295,0.130441
34.8340,60.418428,-39.799030,1.437527,0.966815,-0.667284,0.055839
34.8540,60.420480,-40.406440,1.413434,0.963218,-0.714705,0.095727
34.8740,60.406373,-40.451442,1.561124,1.020878,-0.674689,0.131200
34.8940,60.636869,-40.464388,1.514505,0.980277,-0.645725,0.089545
34.9140,60.628509,-39.872405,1.548859,0.906308,-0.634319,0.074915
34.9340,60.660664,-40.523566,1.555314,0.968639,-0.641339,0.115503
34.9540,60.392255,-40.506333,2.073880,1.074030,-0.640979,0.101843
34.9740,57.293303,-40.690706,3.121798,1.105259,-1.115612,-0.240158
34.9940,60.536452,-39.610825,1.165676,0.965610,-0.651179,0.115765
35.0140,60.512854,-40.480131,1.187363,0.982283,-0.484482,0.283874
35.0340,60.201567,-40.216003,2.184021,1.030251,-0.673357,0.085756
35.0540,60.813774,-40.481312,2.212636,1.093898,-0.628926,-0.039733
35.0740,60.845649,-39.833534,1.476596,0.966590,-0.583629,0.130651
35.0940,53.690472,-40.338615,2.271383,1.065849,-0.820552,-0.537543
35.1140,61.603930,-32.653627,-1.693136,1.123661,-0.206808,0.995140
35.1340,60.273975,-39.934362,1.317261,0.887646,-0.603424,0.404190
35.1540,60.338811,-40.453651,1.972476,0.926976,-0.708560,-0.171338
35.1740,61.459818,-40.461108,1.531583,1.189584,-0.462584,0.174858
35.1940,60.807139,-39.501562,1.511944,0.964130,-0.548896,0.181083
35.2140,60.332307,-39.961038,1.494670,0.880219,-0.733376,0.052476
35.2340,60.289736,-40.480660,1.265377,0.937054,-0.737552,0.088411
35.2540,60.318464,-40.634098,1.359818,1.024240,-0.690991,0.126728
35.2740,60.479276,-39.910347,1.497678,0.968499,-0.671148,0.077109
35.2940,60.775623,-40.457478,1.616280,0.973687,-0.631449,0.095779
35.3140,60.776427,-40.304577,1.643202,0.968755,-0.591534,0.104804
35.3340,60.668597,-40.421087,1.558272,0.950220,-0.621803,0.101352
35.3540,60.441751,-39.922520,1.431892,0.917318,-0.671774,0.092498
35.3740,60.385455,-40.604026,1.440400,0.996555,-0.696805,0.122098
35.3940,60.396319,-39.910801,1.422936,0.957066,-0.680305,0.078517
35.4140,60.620073,-40.609886,1.555367,1.084915,-0.655638,0.101016
35.4340,60.619360,-39.776165,1.525327,0.906327,-0.632698,0.077758
35.4540,60.749980,-40.410132,1.519732,0.949340,-0.638723,0.109455
35.4740,60.584476,-39.906951,1.503064,0.929693,-0.643040,0.089463
35.4940,60.475371,-40.514542,1.515075,1.022216,-0.658589,0.111520
35.5140,60.500965,-39.932841,1.417434,0.982506,-0.667206,0.069254
35.5340,60.577726,-40.513823,1.411282,0.948336,-0.678686,0.101757
35.5540,60.538646,-39.917995,1.489386,0.918658,-0.659161,0.101107
35.5740,60.878522,-33.797313,-0.106000,1.091137,-0.647231,0.086852
35.5940,58.114607,-39.871711,2.020089,1.016777,-0.746885,0.181691
35.6140,60.721544,-40.539951,0.949772,0.896720,-0.531033,0.010438
35.6340,60.852735,-40.011473,1.141198,0.962690,-0.505319,-0.055273
35.6540,60.389184,-39.823754,1.775770,0.992744,-0.700082,0.161107
35.6740,60.632704,-40.591860,1.664889,0.988255,-0.690509,0.120987
35.6940,60.657360,-40.555016,1.397124,0.902451,-0.600232,0.073169
35.7140,60.525462,-40.018116,1.363890,0.929301,-0.649849,0.095415
35.7340,60.366062,-39.999595,1.514823,0.976137,-0.715760,0.115830
35.7540,60.524563,-40.410155,1.493383,1.006653,-0.679710,0.088805
35.7740,60.551867,-40.554075,2.044891,1.090463,-0.616664,0.078163
35.7940,60.686319,-39.902645,1.509558,0.908202,-0.635460,0.089634
35.8140,60.578799,-40.002789,1.546818,0.931422,-0.662591,0.117618
35.8340,60.556969,-40.558633,1.504624,1.004717,-0.658748,0.101780
35.8540,60.460054,-40.523403,1.472391,0.981915,-0.651455,0.085021
35.8740,60.582085,-40.084269,1.429072,0.950648,-0.665633,0.082885
35.8940,60.521219,-40.005180,1.483100,0.909120,-0.672359,0.110231
35.9140,60.588812,-40.558999,1.525774,0.988903,-0.656661,0.110354
35.9340,60.829484,-33.754104,-0.127713,1.079320,-0.640939,0.064833
35.9540,60.701784,-40.390772,1.469172,0.990796,-0.649626,0.085876
35.9740,60.524846,-39.992016,1.468948,0.900676,-0.661619,0.097710
35.9940,60.544185,-40.627459,1.491224,0.985152,-0.669149,0.120754
36.0140,60.456975,-39.908280,1.478840,0.944534,-0.656600,0.076557
36.0340,60.638775,-40.702433,1.446673,1.004000,-0.659944,0.094047
36.0540,60.494041,-39.893959,1.478254,0.908398,-0.651092,0.085908
36.0740,60.579956,-40.486171,1.474512,0.977384,-0.659664,0.110847
36.0940,60.550171,-40.527715,1.487380,0.969192,-0.655433,0.095364
36.1140,60.605316,-39.959775,1.461995,0.948120,-0.655925,0.073307
36.1340,60.530994,-39.973457,1.476552,0.912084,-0.662875,0.102612
36.1540,60.569873,-40.424218,1.476279,0.987665,-0.661130,0.105705
36.1740,60.517071,-40.503724,1.524933,0.972690,-0.652281,0.090638
36.1940,60.588781,-40.507704,1.475424,0.962278,-0.654627,0.095283
36.2140,60.516362,-39.961908,1.474419,0.918743,-0.657876,0.098962
36.2340,60.596284,-40.320026,1.463860,0.986843,-0.664171,0.100926
36.2540,60.494022,-40.437550,1.556586,0.989954,-0.652326,0.100396
36.2740,60.424744,-40.497714,2.145842,1.079128,-0.643699,0.097682
36.2940,60.562996,-39.885692,1.486358,0.941724,-0.656619,0.088585
36.3140,60.608348,-40.363966,1.451061,0.975046,-0.665090,0.097659
36.3340,60.489145,-40.419824,1.581973,1.028527,-0.652417,0.108815
36.3540,60.549841,-39.863037,1.496084,0.947865,-0.652810,0.084069
36.3740,60.622762,-40.299099,1.454247,0.975767,-0.661633,0.092711
36.3940,60.573901,-40.470890,1.450195,0.962611,-0.659357,0.093750
36.4140,60.491835,-40.397033,1.577861,1.015103,-0.651530,0.110593
36.4340,60.554211,-39.878424,1.494303,0.943836,-0.655808,0.089214
36.4540,60.519336,-40.515472,1.539902,1.003248,-0.657287,0.114328
36.4740,57.661420,-40.509217,2.141379,0.997341,-0.726371,-0.039134
36.4940,60.845585,-40.244340,1.041096,1.006793,-0.460579,0.212572
36.5140,60.569420,-39.883644,1.382291,0.914381,-0.565741,0.130933
36.5340,60.384821,-40.008455,1.801920,0.949220,-0.703111,0.056211
36.5540,60.740342,-40.458335,1.680860,1.105638,-0.618381,0.115268
36.5740,50.327050,-33.686901,0.742158,1.106088,-0.889353,-0.537177
36.5940,61.328766,-39.421072,-0.116579,0.981368,-0.172466,0.745872
36.6140,60.541250,-33.666327,-0.601691,0.963299,-0.484974,0.399953
36.6340,60.057590,-40.246448,2.112021,0.963463,-0.731791,-0.129894
36.6540,61.129026,-39.986363,1.773605,1.058388,-0.496813,0.088468
36.6740,61.025688,-39.955587,1.371064,0.962940,-0.508542,0.173914
36.6940,60.194464,-39.893938,1.431448,0.867155,-0.720434,0.075728
36.7140,58.677377,-40.485536,1.575918,1.008876,-0.788307,-0.063218
36.7340,60.631218,-39.954881,0.914405,1.019810,-0.553369,0.332757
36.7540,60.694875,-40.256596,1.303020,0.910831,-0.675930,0.181227
36.7740,60.872490,-39.919091,1.653681,0.898866,-0.639138,-0.064535
36.7940,61.001893,-40.355209,1.686917,1.097742,-0.539522,0.149322
36.8140,60.764753,-40.015806,1.480171,0.980791,-0.606534,0.101989
36.8340,60.417428,-40.467287,1.371345,0.909598,-0.707486,0.080340
36.8540,60.282328,-40.053358,1.319337,0.924575,-0.717472,0.108409
36.8740,60.364998,-39.996401,1.388108,0.980668,-0.693372,0.104029
36.8940,60.611955,-40.569273,1.539659,1.036911,-0.653444,0.079730
36.9140,60.723037,-40.374222,1.590823,0.925365,-0.615328,0.087572
36.9340,60.746320,-39.849910,1.553585,0.888498,-0.616842,0.106651
36.9540,60.592246,-39.981954,1.506811,0.947094,-0.648099,0.110664
36.9740,60.797025,-33.763215,-0.450502,1.176799,-0.675892,0.088483
36.9940,60.309725,-40.483713,1.966794,1.110364,-0.667932,0.079656
37.0140,60.524153,-39.926412,1.426017,0.915446,-0.678864,0.094701
37.0340,60.559997,-39.950565,1.505766,0.922592,-0.663416,0.113458
37.0540,60.578736,-40.299941,1.614681,1.057046,-0.631299,0.104391
37.0740,60.683726,-39.951858,1.484265,0.987120,-0.627335,0.058947
37.0940,60.664692,-40.052603,1.431925,0.926158,-0.653956,0.087543
37.1140,60.490843,-40.054639,1.441050,0.924968,-0.676375,0.122853
37.1340,60.422249,-39.977236,1.455096,0.975200,-0.673637,0.097880
37.1540,60.593906,-40.713001,1.431019,1.041699,-0.661129,0.076096
37.1740,60.639679,-40.198823,1.424106,0.921936,-0.649611,0.072646
37.1940,60.596201,-39.960561,1.488085,0.887553,-0.654590,0.116589
37.2140,58.055356,-39.684026,2.056079,0.972480,-0.801382,0.266341
37.2340,60.607196,-40.852667,1.053312,1.002320,-0.565336,0.019982
37.2540,60.755650,-40.422310,1.157424,1.028742,-0.466440,-0.100030
37.2740,60.419412,-39.749631,1.729412,0.953943,-0.685338,0.159653
37.2940,60.518572,-40.785720,1.765170,0.950924,-0.707757,0.194530
37.3140,60.599137,-39.858532,1.404492,0.891011,-0.600577,0.051629
37.3340,60.397223,-40.642927,1.923434,1.100385,-0.628910,0.096377
37.3540,60.365246,-39.849371,1.489233,0.990524,-0.703597,0.094198
37.3740,60.599317,-40.551095,1.455459,0.999004,-0.696248,0.090515
37.3940,60.572820,-39.963124,1.447992,0.879146,-0.637954,0.085746
37.4140,60.609376,-40.355083,1.613859,1.031992,-0.627705,0.124814
37.4340,60.584785,-39.783536,1.560992,0.959248,-0.644382,0.075166
37.4540,60.534262,-40.774242,2.113219,1.119857,-0.650071,0.094799
37.4740,60.509614,-39.908754,1.423424,0.928927,-0.657460,0.086784
37.4940,60.453511,-40.507764,1.501799,0.992559,-0.672922,0.128696
37.5140,60.481018,-39.861210,1.496211,0.953069,-0.665251,0.083228
37.5340,60.657081,-40.262857,1.469733,0.980662,-0.654935,0.081943
37.5540,60.644192,-40.248149,1.458986,0.952013,-0.645276,0.084508
37.5740,60.559623,-40.537555,1.529204,0.947601,-0.650989,0.113657
37.5940,60.522597,-39.921565,1.488293,0.933668,-0.657483,0.093397
37.6140,60.592008,-40.484976,1.444399,0.993027,-0.666600,0.097838
37.6340,60.458696,-40.399705,1.541629,1.037139,-0.654299,0.102578
37.6540,60.503211,-40.349476,1.554160,0.995547,-0.653516,0.104856
37.6740,60.551645,-39.875802,1.492347,0.917225,-0.655402,0.088538
37.6940,60.657515,-40.307593,1.468604,0.974222,-0.658788,0.098787
37.7140,60.508637,-39.937432,1.484270,0.932576,-0.651735,0.086475
37.7340,60.863168,-34.019426,-0.322465,1.135350,-0.661241,0.087352
37.7540,60.551377,-39.924954,1.455060,0.947741,-0.657259,0.076187
37.7740,60.622248,-40.371098,1.433119,0.961164,-0.668893,0.099853
37.7940,60.495373,-39.954469,1.477376,0.924576,-0.659839,0.097537
37.8140,60.477018,-40.422273,1.533193,1.013437,-0.651294,0.113102
37.8340,60.614116,-40.003097,1.468122,0.975788,-0.647811,0.067190
37.8540,60.632330,-40.522658,1.434895,0.944244,-0.661834,0.097845
37.8740,60.494298,-39.977000,1.472079,0.919375,-0.660789,0.106425
37.8940,60.461747,-39.978682,1.485966,0.961697,-0.660873,0.099165
37.9140,60.646137,-40.461635,1.445354,1.027715,-0.657079,0.075236
37.9340,60.571714,-40.555657,1.446826,0.931732,-0.656903,0.089904
37.9540,60.509073,-39.942943,1.477105,0.903690,-0.658987,0.108849
37.9740,60.485574,-39.981228,1.496034,0.952585,-0.660783,0.106510
37.9940,60.564102,-40.973650,1.525291,1.067544,-0.652774,0.104959
38.0140,60.494454,-40.388984,1.521895,0.976500,-0.644857,0.089011
38.0340,60.522089,-39.919278,1.466711,0.902672,-0.661571,0.103668
38.0540,60.480731,-40.005131,1.489760,0.941033,-0.666961,0.116000
38.0740,60.562986,-40.399449,1.473994,1.004839,-0.657644,0.086919
38.0940,60.924850,-33.225795,-0.409522,1.116851,-0.652234,0.059403
38.1140,37.392751,-39.588559,3.078489,0.938472,-1.366694,-0.616210
38.1340,60.412603,-39.544511,-0.403089,0.943601,-0.266743,0.595910
38.1540,58.596019,-39.955939,0.838821,0.960654,-0.179402,0.237253
38.1740,60.469399,-40.358822,1.736822,0.970674,-0.550021,0.116291
38.1940,60.983656,-40.421984,1.944313,0.974319,-0.545511,0.188263
38.2140,60.889613,-39.899504,1.493653,0.902133,-0.478438,0.125200
38.2340,60.442285,-40.326226,1.245065,0.984066,-0.640303,0.077014
38.2540,59.803366,-40.631053,1.891382,1.099809,-0.790520,0.099520
38.2740,60.088797,-40.511143,1.337408,1.003645,-0.775011,0.112255
38.2940,60.463400,-39.890924,1.397399,0.903309,-0.664128,0.076693
38.3140,60.925362,-39.951595,1.589274,0.952878,-0.598518,0.080666
38.3340,59.905975,-39.671519,1.757346,0.957500,-0.594424,-0.029040
38.3540,60.980775,-40.497840,1.340688,1.105933,-0.449516,0.356013
38.3740,60.363598,-39.665517,1.302273,0.869586,-0.669850,0.108330
38.3940,60.601164,-40.231262,1.307045,0.970707,-0.721679,-0.049068
38.4140,60.539530,-40.000670,1.351800,0.997910,-0.658392,0.136441
38.4340,60.832738,-33.556844,-0.371276,1.139659,-0.662887,0.120175
38.4540,60.575474,-39.653933,1.525759,0.904714,-0.646491,0.044783
38.4740,60.782783,-40.017328,1.466206,0.915754,-0.634249,0.089232
38.4940,60.616653,-40.029651,1.467294,0.940077,-0.646758,0.118727
38.5140,60.463608,-40.013155,1.466383,0.988985,-0.666791,0.093953
38.5340,60.563651,-40.782473,1.399535,1.051947,-0.669724,0.082380
38.5540,60.553743,-40.408061,1.378312,0.931045,-0.663279,0.082418
38.5740,60.538662,-39.916920,1.462155,0.887891,-0.664344,0.110960
38.5940,60.553995,-39.902935,1.512301,0.942559,-0.654606,0.104548
38.6140,60.556371,-40.873515,1.550936,1.029385,-0.640426,0.100417
38.6340,60.495523,-40.325211,1.510113,0.986216,-0.637163,0.090134
38.6540,60.512395,-39.949438,1.430962,0.920378,-0.664475,0.103901
38.6740,60.464213,-40.752431,1.567028,1.102981,-0.667935,0.145192
38.6940,60.475753,-39.724040,1.462291,0.952587,-0.655326,0.064122
38.7140,60.528517,-40.327974,1.562777,1.014600,-0.648404,0.105301
38.7340,60.881622,-33.406475,-0.282862,1.085801,-0.648045,0.086244
38.7540,60.702289,-40.273778,1.431284,0.987656,-0.658007,0.078999
38.7740,57.620726,-39.997938,2.058380,0.896042,-0.869636,0.276956
38.7940,60.613390,-40.137965,0.591530,0.935674,-0.307133,-0.194516
38.8140,60.942242,-40.016087,1.218595,1.097904,-0.462318,-0.082271
38.8340,60.453771,-40.511893,2.045053,1.030894,-0.725968,0.187734
38.8540,60.630058,-39.728019,1.654281,0.796477,-0.630843,0.113822
38.8740,60.959418,-34.365710,-0.433301,1.044460,-0.573260,0.082716
38.8940,60.347390,-40.070918,1.297531,1.043516,-0.692972,0.073897
38.9140,60.168975,-40.542856,1.509709,1.043606,-0.757935,0.112875
38.9340,60.493186,-40.391352,1.434359,0.951968,-0.673126,0.097891
38.9540,60.757155,-40.429633,1.459101,0.908387,-0.609014,0.090995
38.9740,60.731592,-39.869941,1.560727,0.906645,-0.619075,0.090209
38.9940,60.524433,-40.604733,2.179704,1.104349,-0.634732,0.115452
39.0140,60.529827,-39.855399,1.425647,0.976792,-0.648139,0.076588
39.0340,60.480028,-40.552582,1.442575,1.072046,-0.672006,0.101967
39.0540,60.420179,-39.954834,1.393823,0.928549,-0.687019,0.092247
39.0740,60.498605,-40.421309,1.542284,1.035125,-0.668947,0.124776
39.0940,60.586393,-39.739487,1.509421,0.942484,-0.635868,0.072453
39.1140,60.943094,-34.298855,-0.255049,1.103411,-0.636735,0.088308
39.1340,60.622041,-39.862690,1.463266,0.938632,-0.640030,0.079307
39.1540,60.511295,-40.574252,1.524215,1.029020,-0.664408,0.127115
39.1740,60.446081,-39.908855,1.424828,0.964620,-0.670072,0.090274
39.1940,60.317374,-40.600405,2.055969,1.095968,-0.662608,0.101483
39.2140,60.633469,-39.977744,1.437922,0.987249,-0.654777,0.070879
39.2340,60.593710,-40.569588,1.494535,0.930360,-0.652739,0.106124
39.2540,60.551183,-39.884273,1.479405,0.917061,-0.646537,0.099084
39.2740,60.510531,-39.982106,1.461796,0.956596,-0.653683,0.097732
39.2940,60.598238,-40.926069,1.445121,1.050591,-0.659368,0.100680
39.3140,60.458511,-40.470260,1.476157,0.970108,-0.655890,0.094289
39.3340,60.505695,-39.900400,1.435118,0.908608,-0.664856,0.102428
39.3540,60.501466,-39.957771,1.465833,0.939116,-0.662156,0.108225
39.3740,60.937282,-33.919042,-0.231599,1.143587,-0.653405,0.074577
39.3940,60.486216,-40.560239,2.079784,1.097380,-0.636261,0.082308
39.4140,60.574943,-39.932205,1.435028,0.921101,-0.656050,0.095399
39.4340,60.479131,-40.044435,1.441127,0.937886,-0.668084,0.115938
39.4540,60.573675,-40.285382,1.427589,1.006483,-0.663429,0.087999
39.4740,60.577967,-40.428241,1.406083,0.973246,-0.655907,0.076270
39.4940,60.596711,-39.959991,1.419673,0.934485,-0.653013,0.082598
39.5140,60.505635,-40.005793,1.447628,0.911729,-0.661603,0.111188
39.5340,60.610219,-40.142106,1.447482,0.991509,-0.658835,0.093444
39.5540,60.393878,-40.606664,2.082635,1.091447,-0.646686,0.092714
39.5740,60.607492,-40.398399,1.410110,0.995145,-0.656562,0.086746
39.5940,60.746866,-34.087998,-0.249980,1.035270,-0.666159,0.089989
39.6140,60.575485,-39.949630,1.454744,0.957144,-0.662677,0.098649
39.6340,60.521891,-39.957383,1.452491,0.942034,-0.657527,0.088777
39.6540,60.576628,-40.849774,1.499382,1.057925,-0.651317,0.107713
39.6740,60.757038,-33.712767,-0.307264,1.050024,-0.653559,0.069529
39.6940,60.597520,-39.995290,1.437081,0.942538,-0.664387,0.101618
39.7140,60.513401,-40.004229,1.445506,0.939518,-0.664786,0.103804
39.7340,60.800921,-33.794469,-0.338765,1.181499,-0.656518,0.102999
39.7540,60.524736,-39.780416,1.437726,0.960386,-0.646668,0.061174
39.7740,60.636785,-40.080134,1.416920,0.928312,-0.663178,0.093696
39.7940,60.522734,-40.019894,1.448232,0.923786,-0.664619,0.115295
39.8140,58.401718,-40.144083,1.812534,0.955773,-0.988682,-0.196806
39.8340,61.044253,-40.168628,0.954755,1.048179,-0.600050,0.141633
39.8540,60.555509,-40.363896,1.146137,0.928349,-0.493548,0.237792
39.8740,60.267892,-40.014381,1.682359,0.874381,-0.707767,0.091246
39.8940,56.806189,-39.835234,2.606758,0.950367,-1.157349,-0.245817
39.9140,60.478791,-40.645366,1.879408,1.190098,-0.586204,0.180686
39.9340,60.381133,-40.173979,1.140893,0.959279,-0.435043,0.127717
39.9540,60.210311,-39.942174,1.625770,0.880365,-0.712418,0.058963
39.9740,53.239359,-39.540462,0.525861,0.929517,-1.628635,-1.093884
39.9940,56.547934,-39.536719,1.255424,1.129480,-0.581480,0.010109
40.0140,60.742319,-40.173050,1.078827,1.094329,-0.162437,0.930442
40.0340,60.027741,-39.667496,1.649823,0.747160,-0.751081,0.057690
40.0540,60.761888,-40.436532,1.655587,0.998994,-0.683930,-0.083769
40.0740,61.181655,-40.256134,1.301410,1.131513,-0.483079,0.218194
40.0940,60.448299,-40.101093,1.523676,1.006390,-0.625383,0.125612
40.1140,60.300484,-40.216579,1.458244,0.896555,-0.740499,0.053428
40.1340,60.387886,-40.454572,1.383454,0.992458,-0.689108,0.123922
40.1540,60.501127,-39.924013,1.367552,0.969754,-0.662043,0.099833
40.1740,60.547560,-39.968026,1.501762,0.968794,-0.660706,0.080170
40.1940,60.522040,-41.050435,2.138137,1.147292,-0.621943,0.118382
40.2140,60.672620,-40.230871,1.580195,1.035286,-0.609068,0.093625
40.2340,60.584101,-39.872737,1.431202,0.897777,-0.652952,0.092389
40.2540,60.437713,-39.990274,1.412060,0.935947,-0.682090,0.115898
40.2740,60.844159,-30.220447,-1.289277,1.205371,-0.680501,0.081995
40.2940,60.533001,-39.824846,1.411839,0.992821,-0.657306,0.059203
40.3140,60.677025,-40.007488,1.388427,0.939990,-0.655732,0.082920
40.3340,60.440077,-40.581723,2.021841,1.053503,-0.644414,0.128449
40.3540,60.606600,-40.459505,1.514155,0.999710,-0.646026,0.101839
40.3740,57.924692,-39.524135,1.983961,0.922834,-0.757250,0.189973
40.3940,60.765865,-40.210013,0.887075,0.934109,-0.554769,0.037991
40.4140,60.754989,-39.946578,1.106241,0.963113,-0.509888,-0.077331
40.4340,60.817150,-33.451513,0.016023,1.170129,-0.689922,0.133442
40.4540,60.595281,-39.785864,1.652480,0.908714,-0.682516,0.119366
40.4740,60.742612,-40.239678,1.327430,0.930015,-0.610728,0.076778
40.4940,60.436586,-40.055262,1.323409,0.950832,-0.650234,0.085570
40.5140,60.413637,-39.988051,1.450590,1.005862,-0.711470,0.091842
40.5340,60.493146,-40.492054,1.453756,0.964228,-0.685933,0.099017
40.5540,60.651545,-40.374116,1.412033,0.943256,-0.633200,0.086032
40.5740,60.870939,-33.945567,-0.221066,1.046691,-0.636414,0.086340
40.5940,60.647527,-39.909882,1.512847,0.968789,-0.651715,0.092613
40.6140,60.836064,-33.912348,-0.165727,1.085048,-0.659974,0.086691
40.6340,60.504592,-40.479729,1.481644,1.036740,-0.654521,0.102644
40.6540,60.719811,-33.742905,-0.325050,1.058786,-0.669977,0.075213
40.6740,60.576891,-39.935921,1.452783,0.948245,-0.669801,0.096469
40.6940,60.553643,-39.936501,1.474114,0.933545,-0.655975,0.096523
40.7140,60.497131,-41.086978,2.104912,1.147738,-0.638351,0.105953
40.7340,60.531068,-39.803633,1.452808,0.933436,-0.641528,0.067785
40.7540,60.631991,-40.071232,1.428669,0.945586,-0.663766,0.099061
40.7740,60.497831,-40.001404,1.439609,0.934451,-0.668833,0.107931
40.7940,60.453042,-40.372733,1.518791,1.066708,-0.657139,0.109644
40.8140,60.562983,-39.840548,1.437369,0.982316,-0.649820,0.059269
40.8340,60.661046,-40.172521,1.417146,0.930366,-0.660202,0.089744
40.8540,60.543356,-39.980683,1.464107,0.914996,-0.659404,0.114158
40.8740,60.494854,-39.952615,1.474844,0.965631,-0.655467,0.096388
40.8940,60.633625,-40.475897,1.407462,1.034413,-0.654864,0.070898
40.9140,60.579611,-40.443395,1.385562,0.931986,-0.660363,0.085761
40.9340,60.506456,-39.972290,1.439510,0.904327,-0.665967,0.114703
40.9540,60.491104,-39.959084,1.471130,0.955604,-0.662923,0.104997
40.9740,60.568408,-40.427212,1.534657,1.097708,-0.645246,0.087568
40.9940,60.558167,-40.408917,1.475803,0.957711,-0.646838,0.087860
41.0140,60.535021,-39.931028,1.444507,0.900197,-0.659474,0.105787
41.0340,60.495633,-40.002431,1.463370,0.948659,-0.666104,0.113320
41.0540,60.547948,-39.977353,1.444506,0.999608,-0.656196,0.072243
41.0740,60.583233,-40.572700,1.506589,1.066140,-0.650846,0.093304
41.0940,60.533216,-39.852571,1.437169,0.905910,-0.655849,0.091170
41.1140,60.511292,-40.003201,1.461036,0.930288,-0.665291,0.114756
41.1340,60.565961,-39.984386,1.452736,0.993305,-0.656047,0.080595
41.1540,60.779567,-34.438936,-0.263524,1.116899,-0.656211,0.089353
41.1740,60.555215,-39.836943,1.437909,0.940682,-0.652191,0.079854
41.1940,60.832487,-33.794930,-0.292900,1.062783,-0.670706,0.104953
41.2140,60.536388,-39.909908,1.458733,0.973794,-0.658966,0.089474
41.2340,60.947491,-30.356811,-1.225929,1.171307,-0.660057,0.076255
41.2540,60.572161,-39.883526,1.448718,0.978267,-0.651499,0.077050
41.2740,60.361593,-40.672712,2.048422,1.067692,-0.655449,0.112611
41.2940,60.460568,-39.897776,1.453105,0.961455,-0.658225,0.093555
41.3140,60.601854,-40.636737,1.460255,1.004810,-0.661543,0.096556
41.3340,60.502872,-39.863773,1.435857,0.899798,-0.656396,0.082401
41.3540,60.830046,-33.538306,-0.319317,1.082136,-0.662499,0.105527
41.3740,60.519863,-39.877685,1.458914,0.977088,-0.653480,0.080108
41.3940,60.599846,-40.346196,1.408218,0.978199,-0.660567,0.082590
41.4140,60.573401,-40.033169,1.405612,0.955264,-0.660028,0.087633
41.4340,51.967783,-39.718617,2.209791,0.992871,-0.903248,-0.350223
41.4540,42.743438,-38.374521,-3.220183,1.030086,-0.795889,0.392148
41.4740,59.714140,-39.706801,1.109065,0.854189,-0.504651,0.303084
41.4940,60.286358,-40.606076,1.657012,0.946649,-0.485264,0.071046
41.5140,60.935605,-40.021856,1.703004,0.996782,-0.494033,0.126777
41.5340,60.788255,-40.128335,1.524361,1.007316,-0.574712,0.129631
41.5540,60.308745,-40.415661,1.325894,0.929505,-0.689070,0.085660
41.5740,60.055319,-40.493129,1.259937,0.968269,-0.750038,0.106144
41.5940,60.166733,-39.933287,1.273141,0.947073,-0.738253,0.096173
41.6140,59.188391,-40.191107,1.600612,1.018675,-0.693034,-0.083154
41.6340,61.270656,-40.065351,1.158715,1.000704,-0.445696,0.327763
41.6540,61.037896,-33.481574,-0.018332,1.013096,-0.580079,0.093287
41.6740,60.640936,-40.033922,1.658040,0.943833,-0.654414,0.039750
41.6940,60.700078,-40.235986,1.321659,1.008816,-0.629547,0.096746
41.7140,60.222863,-40.530162,1.846048,1.089504,-0.673691,0.128145
41.7340,60.278756,-39.797276,1.384248,0.945159,-0.722240,0.078667
41.7540,60.484491,-40.492587,1.411747,0.958730,-0.685226,0.095366
41.7740,60.702198,-40.020616,1.441634,0.953724,-0.627400,0.076823
41.7940,60.568833,-40.520196,2.061608,1.050909,-0.617698,0.107654
41.8140,60.663084,-39.851885,1.509338,0.959027,-0.635276,0.092249
41.8340,60.813407,-33.882475,-0.210395,1.093283,-0.660510,0.089075
41.8540,60.497855,-40.554419,1.374323,1.017908,-0.673342,0.092466
41.8740,60.379740,-40.368306,1.473032,1.003545,-0.674361,0.102062
41.8940,57.927399,-39.535328,1.989118,0.935814,-0.775998,0.230620
41.9140,60.698977,-39.821058,0.972056,0.904735,-0.524985,-0.006316
41.9340,60.822578,-41.147579,1.817056,1.194629,-0.469600,-0.069719
41.9540,60.342917,-40.223211,2.348362,1.111229,-0.661373,0.139812
41.9740,60.579323,-39.824919,1.631858,0.870364,-0.690905,0.133109
41.9940,60.589788,-40.064299,1.300546,0.914816,-0.626625,0.097219
42.0140,60.358451,-40.456378,1.381288,1.100593,-0.658605,0.097846
42.0340,60.363010,-39.832792,1.434542,1.007441,-0.708039,0.061717
42.0540,60.617348,-40.121816,1.441173,0.918895,-0.680886,0.094563
42.0740,60.659118,-39.933951,1.474212,0.893841,-0.627863,0.109244
42.0940,60.612312,-39.932886,1.520066,0.961110,-0.627018,0.091203
42.1140,60.644491,-39.974555,1.471202,1.018455,-0.645638,0.064819
42.1340,60.530759,-40.594439,1.403492,0.954154,-0.664693,0.102732
42.1540,60.409904,-39.972055,1.392243,0.926048,-0.671998,0.108275
42.1740,60.579924,-40.234704,1.392791,1.003222,-0.679591,0.087048
42.1940,60.481859,-39.899275,1.448792,0.911731,-0.659007,0.078188
42.2140,60.540049,-40.331304,1.547445,0.994365,-0.638087,0.118584
42.2340,60.583941,-40.797962,1.537824,0.999727,-0.637819,0.104574
42.2540,60.508388,-39.878416,1.440442,0.906228,-0.651600,0.078773
42.2740,60.467378,-40.034972,1.427484,0.944604,-0.668050,0.117713
42.2940,60.392430,-40.359822,1.524972,1.073437,-0.660721,0.116332
42.3140,60.624798,-40.083506,1.407764,1.010551,-0.660016,0.053366
42.3340,60.519282,-39.963509,1.427129,0.874186,-0.659718,0.091503
42.3540,60.488506,-39.910172,1.461078,0.936662,-0.654478,0.126078
42.3740,60.475303,-40.990013,1.557658,1.114238,-0.648616,0.116680
42.3940,60.600782,-39.979814,1.413764,0.966489,-0.648548,0.053946
42.4140,60.534862,-40.018236,1.408737,0.882950,-0.667049,0.110116
42.4340,60.456698,-39.968832,1.470436,0.947043,-0.667844,0.125466
42.4540,60.420222,-40.633500,1.589165,1.129880,-0.650237,0.107553
42.4740,60.565152,-40.351318,1.447360,0.987183,-0.644021,0.069857
42.4940,60.524440,-39.969915,1.421570,0.891356,-0.656223,0.099999
42.5140,60.463881,-40.030161,1.464187,0.946332,-0.666766,0.126658
42.5340,60.560238,-39.994355,1.439478,1.011118,-0.659321,0.068243
42.5540,60.551041,-40.518165,1.425695,0.948679,-0.656290,0.085566
42.5740,60.490777,-39.873141,1.444057,0.912260,-0.653536,0.101033
42.5940,60.639126,-40.484971,1.407585,0.999886,-0.667368,0.100982
42.6140,60.456902,-39.971682,1.433405,0.918174,-0.657897,0.080419
42.6340,60.471291,-40.386661,1.533474,1.052351,-0.649598,0.121807
42.6540,60.484699,-40.720884,1.547222,1.052444,-0.647929,0.113573
42.6740,60.486244,-39.799757,1.442715,0.907978,-0.656555,0.073225
42.6940,60.491467,-39.982183,1.444442,0.923370,-0.662990,0.114153
42.7140,60.325632,-40.491882,2.013137,1.106989,-0.648419,0.114440
42.7340,60.659841,-40.386756,1.399428,1.030290,-0.656760,0.061307
42.7540,60.488573,-39.985985,1.405245,0.882497,-0.660267,0.087220
42.7740,60.450132,-40.015909,1.452596,0.940321,-0.662675,0.129457
42.7940,60.421511,-40.875867,1.498914,1.032744,-0.659337,0.115117
42.8140,60.539647,-39.851918,1.426728,0.951237,-0.649186,0.054393
42.8340,60.519870,-39.995665,1.423094,0.896377,-0.661351,0.108564
42.8540,60.259913,-41.008213,2.451473,1.183943,-0.651113,0.142537
42.8740,60.753503,-33.659811,-0.275565,1.114707,-0.657550,0.055719
42.8940,60.575592,-39.942196,1.420747,0.940484,-0.658026,0.076866
42.9140,60.485318,-39.985318,1.435285,0.926382,-0.660759,0.114815
42.9340,60.565220,-40.009716,1.437765,0.995591,-0.662284,0.083774
42.9540,60.440936,-39.980306,1.430455,0.921958,-0.660584,0.081876
42.9740,60.559543,-40.003113,1.431919,0.976098,-0.654457,0.095060
42.9940,60.603996,-40.769806,1.387585,0.992166,-0.665291,0.097651
43.0140,60.435789,-39.918109,1.424141,0.905488,-0.660319,0.085911
43.0340,60.440878,-39.975622,1.443362,0.946294,-0.659917,0.109812
43.0540,60.365324,-41.199454,2.452828,1.235389,-0.645612,0.108384
43.0740,60.523103,-39.800930,1.432431,0.935762,-0.653710,0.062594
43.0940,60.488552,-40.020773,1.428813,0.909756,-0.664863,0.112986
43.1140,57.923895,-39.844707,1.834009,0.965935,-0.712262,-0.065681
43.1340,61.266486,-40.458631,0.741367,1.069506,-0.470199,0.301075
43.1540,60.345153,-39.860464,1.405709,0.881888,-0.597732,0.170207
43.1740,60.347807,-40.389717,1.698399,0.954709,-0.718258,0.069347
43.1940,46.892423,-39.796922,3.029671,1.015963,-1.080300,-0.451341
43.2140,57.987874,-40.075020,0.369565,0.930587,-0.290770,-0.038433
43.2340,61.186384,-39.352957,0.194996,0.940239,-0.111252,0.724874
43.2540,59.871996,-40.330891,1.966205,0.960545,-0.648265,0.239482
43.2740,60.896918,-40.118367,1.943826,0.908054,-0.588994,-0.080840
43.2940,61.289764,-40.048761,1.326006,1.026916,-0.404129,0.185911
43.3140,60.288567,-40.573883,1.398898,1.132003,-0.627697,0.166376
43.3340,59.634273,-40.317492,1.913357,1.061388,-0.827771,0.055815
43.3540,40.980061,-40.152627,0.414258,1.023310,-2.240392,0.908529
43.3740,42.010733,-33.537764,0.098224,0.906569,-0.894505,0.348474
43.3940,60.987589,-40.979531,-0.874787,1.022802,0.556534,-0.815126
43.4140,61.372948,-39.452661,1.904677,1.210842,-0.308216,-0.115266
43.4340,60.463762,-39.054660,3.184512,0.839147,-0.885046,0.371007
43.4540,61.089502,-39.570260,1.310322,0.673051,-0.492131,0.116425
43.4740,60.512027,-40.683810,0.428948,1.018313,-0.467735,-0.080773
43.4940,59.457018,-41.218097,0.982741,1.254507,-0.914019,0.123308
43.5140,59.542523,-40.368710,1.502651,1.011662,-0.953626,0.149635
43.5340,61.115532,-33.390301,-0.304868,0.955893,-0.609847,0.078295
43.5540,61.431176,-39.552904,1.574177,0.862474,-0.446312,0.056130
43.5740,61.185807,-40.223087,1.734358,0.948195,-0.549124,0.086371
43.5940,60.641267,-39.983840,1.512006,0.946511,-0.639150,0.108940
43.6140,60.338617,-40.859209,1.139892,1.032108,-0.696626,0.129639
43.6340,60.074333,-40.854957,1.125530,1.037207,-0.744293,0.101441
43.6540,60.222328,-40.503948,1.325398,0.983150,-0.734159,0.094528
43.6740,60.881927,-33.750701,-0.176665,1.009923,-0.647926,0.076356
43.6940,60.982014,-39.621844,1.574055,0.891798,-0.575308,0.075346
43.7140,60.883249,-40.481470,1.569236,0.944585,-0.586616,0.100928
43.7340,60.565478,-40.014585,1.388336,0.958415,-0.640099,0.091866
43.7540,60.407106,-40.537597,1.225071,1.033114,-0.701252,0.107330
43.7740,60.334937,-40.597333,1.220223,1.002052,-0.713904,0.096157
43.7940,60.457153,-40.506012,1.340224,0.951961,-0.687238,0.092920
43.8140,60.597571,-39.712389,1.455933,0.882355,-0.641073,0.081334
43.8340,60.772979,-40.271509,1.473135,0.946920,-0.620081,0.095160
43.8540,60.656860,-40.503320,1.479186,0.964367,-0.621014,0.097663
43.8740,60.530716,-40.509748,1.453637,1.051837,-0.647945,0.110875
43.8940,60.439667,-40.006533,1.318269,0.966200,-0.681897,0.095137
43.9140,60.388365,-40.493235,1.413791,1.054499,-0.683225,0.118820
43.9340,60.470180,-40.266527,1.464653,1.001572,-0.656104,0.093190
43.9540,60.617168,-40.297970,1.492992,0.956186,-0.636276,0.093431
43.9740,60.662333,-39.811144,1.439408,0.899859,-0.634057,0.090407
43.9940,60.590456,-40.005175,1.412337,0.946626,-0.646572,0.105636
44.0140,60.547662,-40.342172,1.337118,1.021773,-0.658830,0.087929
44.0340,60.422318,-40.753259,1.964847,1.129882,-0.657599,0.086690
44.0540,60.536610,-39.886431,1.344510,0.921466,-0.668614,0.088353
44.0740,60.530553,-39.944800,1.397453,0.918061,-0.663878,0.109660
44.0940,60.569105,-40.443988,1.427033,0.986260,-0.646649,0.096653
44.1140,60.658270,-40.198844,1.371530,0.969739,-0.637608,0.066845
44.1340,60.663424,-40.038833,1.351419,0.939773,-0.650992,0.084799
44.1540,60.515635,-40.064150,1.362722,0.926587,-0.667961,0.115692
44.1740,60.329084,-40.588193,2.005150,1.117015,-0.659094,0.112992
44.1940,60.559350,-40.407649,1.382153,1.005841,-0.654195,0.073337
44.2140,60.651025,-40.253542,1.333574,0.935691,-0.655274,0.077040
44.2340,60.548752,-39.965719,1.387459,0.893487,-0.657797,0.111088
44.2540,60.502607,-39.981007,1.411339,0.955914,-0.656290,0.106197
44.2740,60.564174,-40.748284,1.464114,1.116946,-0.648483,0.095910
44.2940,60.536562,-40.506862,1.391454,0.968711,-0.650883,0.084772
44.3140,60.508974,-39.943781,1.360795,0.895048,-0.665414,0.103587
44.3340,60.488524,-39.993308,1.396654,0.940585,-0.667808,0.115793
44.3540,60.768022,-34.319040,-0.313266,1.147852,-0.655704,0.090225
44.3740,60.584682,-40.308701,1.473036,1.058105,-0.636095,0.081462
44.3940,60.577125,-39.915765,1.371472,0.898878,-0.656118,0.092617
44.4140,60.509888,-40.043252,1.388362,0.933257,-0.667412,0.123140
44.4340,60.746228,-33.783514,-0.265622,1.120326,-0.661244,0.084522
44.4540,60.643848,-40.227808,1.339709,1.023219,-0.651442,0.060964
44.4740,60.625482,-40.026067,1.332982,0.919051,-0.656797,0.077428
44.4940,60.526272,-40.025329,1.380141,0.902583,-0.665250,0.122719
44.5140,60.476512,-39.967966,1.406587,0.962896,-0.657240,0.101414
44.5340,60.616096,-40.689723,1.344341,1.031145,-0.651852,0.076673
44.5540,60.570466,-40.449953,1.318069,0.951442,-0.651130,0.078817
44.5740,60.463434,-40.009045,1.356456,0.904542,-0.662348,0.111420
44.5940,60.899780,-34.036555,-0.322293,1.130738,-0.670869,0.104894
44.6140,60.568889,-39.872439,1.372732,0.951940,-0.652962,0.062423
44.6340,60.602112,-40.546085,1.374612,0.951363,-0.654480,0.100381
44.6540,60.486981,-39.881213,1.385655,0.917040,-0.650936,0.095954
44.6740,58.535427,-40.506820,1.719879,0.971148,-0.994388,-0.194229
44.6940,60.992046,-40.207519,0.896696,0.992252,-0.606375,0.156493
44.7140,60.464815,-40.506977,1.150873,0.965651,-0.491129,0.253789
44.7340,60.220509,-39.908283,1.622846,0.895850,-0.701059,0.067141
44.7540,60.698323,-40.188705,1.527613,0.979319,-0.664599,0.065146
44.7740,60.722565,-40.387580,1.396332,1.046666,-0.584710,0.121983
44.7940,60.454901,-40.305336,1.446133,1.046428,-0.647754,0.103750
44.8140,60.328106,-39.893325,1.376695,0.925518,-0.705169,0.082245
44.8340,59.079724,-40.367192,1.944547,0.935841,-0.926976,-0.321384
44.8540,61.069688,-39.697017,0.993982,0.973307,-0.602438,0.213981
44.8740,60.952455,-33.210892,-0.614072,1.127704,-0.539857,0.273598
44.8940,60.436592,-39.692137,1.491061,0.892604,-0.675300,0.015276
44.9140,61.025296,-40.222916,1.309790,0.979400,-0.622457,-0.035858
44.9340,60.669121,-39.929525,1.339846,0.968374,-0.617387,0.154147
44.9540,57.393955,-40.559015,2.086361,0.987568,-0.794060,-0.050983
44.9740,60.867009,-40.131447,0.805985,0.963205,-0.536796,0.226073
44.9940,60.625770,-40.159188,1.127559,0.926160,-0.546210,0.146910
45.0140,60.403448,-40.006936,1.707682,0.926249,-0.696551,0.059936
45.0340,60.727069,-39.898208,1.603219,0.974570,-0.624786,0.103413
45.0540,60.794727,-40.558720,1.388861,1.028354,-0.579762,0.102929
45.0740,60.504977,-40.396041,1.291445,0.931137,-0.664741,0.073644
45.0940,60.312331,-40.025804,1.340439,0.907397,-0.722277,0.113612
45.1140,60.389109,-39.983737,1.366607,0.963663,-0.693166,0.115484
45.1340,58.179483,-40.942388,2.520546,1.149800,-0.710645,0.135171
45.1540,60.690268,-40.170097,1.034876,0.955565,-0.425723,-0.140865
45.1740,61.000650,-39.837771,1.269226,0.941139,-0.516802,-0.024214
45.1940,60.474110,-39.802664,1.780869,0.944487,-0.707025,0.198285
45.2140,60.355664,-40.532281,2.172194,1.069397,-0.662793,0.120953
45.2340,60.605417,-40.327789,1.184400,1.008626,-0.617765,0.047438
45.2540,60.443852,-40.143608,1.241505,0.960059,-0.688747,0.079482
45.2740,60.342571,-40.000934,1.437450,0.928169,-0.727468,0.131039
45.2940,60.513132,-39.867742,1.481586,0.947347,-0.658524,0.099476
45.3140,60.792476,-40.368926,1.409411,1.009477,-0.607599,0.061033
45.3340,60.725018,-40.273774,1.413905,0.941643,-0.626183,0.077040
45.3540,60.513811,-40.038096,1.429514,0.916827,-0.665175,0.119754
45.3740,60.322739,-41.290436,2.074301,1.155177,-0.669560,0.143765
45.3940,60.416533,-39.782119,1.361367,0.955274,-0.664090,0.055573
45.4140,60.616457,-40.256542,1.369626,0.945856,-0.671471,0.090217
45.4340,60.555392,-39.862435,1.453283,0.907324,-0.653736,0.102982
45.4540,60.590839,-40.556825,1.519465,0.986840,-0.642039,0.109531
45.4740,60.629630,-40.226278,1.393507,0.983454,-0.639909,0.070345
45.4940,60.575696,-40.618940,1.384163,0.956170,-0.658828,0.105581
45.5140,60.470366,-39.953928,1.395349,0.928443,-0.668906,0.104671
45.5340,60.489387,-40.573164,1.460538,0.990453,-0.669310,0.112247
45.5540,60.493646,-40.408151,1.451224,0.971566,-0.650665,0.086081
45.5740,60.562427,-40.430508,1.464055,0.946499,-0.646440,0.098991
45.5940,60.565932,-39.905461,1.435476,0.915070,-0.651557,0.098603
45.6140,60.531974,-40.523145,1.489552,1.013490,-0.655444,0.123211
45.6340,60.783387,-33.720180,-0.230586,1.100108,-0.654676,0.070243
45.6540,60.538599,-40.374890,1.498587,1.059473,-0.654298,0.100808
45.6740,60.525590,-39.869606,1.412012,0.918735,-0.661115,0.089281
45.6940,60.539069,-40.594993,1.473640,0.969132,-0.663260,0.120246
45.7140,60.495303,-39.851400,1.433239,0.937679,-0.649563,0.079865
45.7340,60.862828,-34.399431,-0.317814,1.122059,-0.658186,0.088753
45.7540,60.559144,-39.897402,1.402101,0.945594,-0.652596,0.077905
45.7740,60.568028,-40.622849,1.402150,0.958925,-0.667608,0.113311
45.7940,60.467410,-39.913366,1.413128,0.931595,-0.659177,0.092471
45.8140,60.463837,-40.370706,1.483847,1.052519,-0.652761,0.111555
45.8340,60.609904,-39.995295,1.401977,0.985005,-0.651300,0.068971
45.8540,60.588886,-40.621773,1.397546,0.939090,-0.661919,0.102709
45.8740,60.493269,-39.936773,1.417333,0.919047,-0.657554,0.103203
45.8940,60.471793,-39.971525,1.424695,0.958108,-0.658780,0.098536
45.9140,60.623651,-40.704634,1.395334,1.035921,-0.657400,0.086453
45.9340,60.514424,-40.536192,1.421677,0.939299,-0.653769,0.092415
45.9540,60.506518,-39.922380,1.410260,0.905537,-0.660112,0.106109
45.9740,60.486571,-39.980560,1.429293,0.948783,-0.662380,0.108183
45.9940,60.536782,-40.947074,1.504081,1.107003,-0.649313,0.111927
46.0140,60.514130,-40.294673,1.501823,1.033103,-0.639587,0.086778
46.0340,60.544497,-39.909021,1.403779,0.907719,-0.660062,0.099210
46.0540,60.480397,-40.017390,1.421874,0.937128,-0.667179,0.117898
46.0740,60.521346,-40.503583,1.433125,1.004493,-0.658352,0.096053
46.0940,60.582714,-40.054825,1.379323,0.973496,-0.650106,0.063390
46.1140,60.600915,-40.049765,1.379720,0.933762,-0.658785,0.089320
46.1340,60.474831,-40.026417,1.409648,0.918324,-0.665988,0.116146
46.1540,60.524970,-40.539175,1.436329,0.998027,-0.661674,0.106669
46.1740,60.501286,-40.503833,1.439268,0.984373,-0.650299,0.085873
46.1940,60.578627,-40.415750,1.373127,0.955314,-0.656269,0.089547
46.2140,60.467977,-39.973313,1.400376,0.904684,-0.662890,0.105284
46.2340,60.571281,-40.452558,1.405941,0.985204,-0.665720,0.109425
46.2540,60.790055,-33.862827,-0.215018,1.083168,-0.656225,0.071881
46.2740,60.543055,-40.484141,1.473500,1.027728,-0.650265,0.102798
46.2940,60.468426,-39.879972,1.398270,0.913127,-0.657315,0.087922
46.3140,60.603643,-40.189264,1.395979,0.966135,-0.667093,0.103456
46.3340,60.497482,-39.971131,1.412127,0.938297,-0.659361,0.091143
46.3540,60.890265,-33.726684,-0.470954,1.151631,-0.660798,0.089061
46.3740,51.526717,-40.166698,2.604340,0.919120,-1.161268,-0.798042
46.3940,55.673738,-38.664340,-2.182518,0.990544,-0.904862,-0.085421
46.4140,52.181979,-39.212978,1.087921,0.966203,-0.361034,0.109587
46.4340,60.901078,-33.288027,-0.971688,1.096762,-0.228687,0.953054
46.4540,60.471084,-39.677069,1.746122,0.828464,-0.578707,0.121357
46.4740,61.081652,-40.802104,1.651928,1.049166,-0.513668,-0.084397
46.4940,60.926934,-39.767455,1.290534,1.056605,-0.500755,0.189989
46.5140,60.383999,-33.464313,-0.414645,1.062142,-0.736622,0.141562
46.5340,60.005005,-40.190605,1.183843,0.944355,-0.805875,0.047148
46.5540,60.400234,-40.237611,1.131144,0.927630,-0.710052,0.072149
46.5740,60.650391,-40.020128,1.377088,0.943243,-0.642885,0.108815
46.5940,60.794773,-39.883742,1.583831,0.970918,-0.609314,0.090575
46.6140,60.722169,-41.148287,2.204354,1.149074,-0.579906,0.104910
46.6340,60.703124,-40.372638,1.350100,0.957651,-0.613660,0.081863
46.6540,60.397647,-40.017776,1.247230,0.889163,-0.690987,0.109249
46.6740,60.271363,-40.025230,1.267127,0.955428,-0.720521,0.121845
46.6940,60.361075,-40.501003,1.350941,1.014273,-0.684845,0.091826
46.7140,58.084289,-40.816035,2.045136,1.057032,-0.876421,-0.176693
46.7340,61.116481,-39.628333,1.058272,0.892324,-0.553967,0.213081
46.7540,60.637630,-39.921947,1.177222,0.895071,-0.467948,0.187522
46.7740,60.315958,-40.510999,1.701902,1.028922,-0.672240,0.064454
46.7940,60.399378,-40.505211,2.152962,1.131346,-0.651214,0.089769
46.8140,58.235239,-39.732779,1.789673,0.995665,-0.765921,0.245203
46.8340,60.502640,-39.997835,0.793582,0.847158,-0.604823,0.036025
46.8540,60.647914,-40.454260,1.101378,1.085373,-0.524426,-0.066756
46.8740,60.411514,-39.611344,1.665884,1.003485,-0.672582,0.118629
46.8940,60.774810,-40.039982,1.601789,0.939892,-0.669805,0.114093
46.9140,60.712728,-40.031688,1.320806,0.870200,-0.592010,0.082904
46.9340,60.353176,-40.546069,1.233570,1.084081,-0.639819,0.116311
46.9540,60.266885,-40.376995,1.434053,1.056712,-0.707954,0.099673
46.9740,60.504600,-39.989927,1.331958,0.952777,-0.696993,0.071692
46.9940,60.582138,-39.886191,1.356056,0.873591,-0.647399,0.099638
47.0140,60.630440,-40.434909,1.481482,0.971946,-0.630731,0.115883
47.0340,60.589348,-40.248059,1.571897,1.042541,-0.627459,0.089864
47.0540,60.621033,-40.345106,1.481177,1.046482,-0.636852,0.102677
47.0740,60.519805,-39.928711,1.339585,0.938545,-0.660448,0.096445
47.0940,60.478623,-40.620450,1.345730,0.982975,-0.682745,0.114864
47.1140,60.435552,-40.282340,1.480220,1.030391,-0.662116,0.097529
47.1340,60.590507,-39.756004,1.412554,0.929336,-0.647022,0.076584
47.1540,60.702186,-40.073191,1.392911,0.958682,-0.645601,0.089093
47.1740,60.606066,-40.564917,1.401043,0.960493,-0.648965,0.103339
47.1940,60.392142,-40.528545,1.948377,1.075100,-0.645723,0.103404
47.2140,60.555209,-39.890443,1.371453,0.961566,-0.661007,0.086628
47.2340,60.486881,-40.485149,1.419611,1.001388,-0.664787,0.113673
47.2540,60.491031,-40.426585,1.426169,0.975757,-0.655774,0.096317
47.2740,60.409499,-40.444069,1.967856,1.052109,-0.644928,0.097293
47.2940,60.620437,-39.849650,1.408864,0.939739,-0.650981,0.091423
47.3140,60.553814,-39.958737,1.399826,0.942831,-0.655278,0.096555
47.3340,60.567713,-40.478385,1.471457,1.094040,-0.649404,0.101394
47.3540,60.778104,-33.728045,-0.375121,1.068886,-0.658485,0.069563
47.3740,60.593103,-39.940825,1.372556,0.943507,-0.664279,0.095979
47.3940,60.524020,-39.950338,1.391480,0.933002,-0.663095,0.101356
47.4140,60.913822,-33.715369,-0.476432,1.151317,-0.658824,0.086581
47.4340,60.549002,-39.834385,1.372716,0.946690,-0.644979,0.065049
47.4540,60.648354,-40.045016,1.363355,0.939176,-0.659218,0.094571
47.4740,60.529230,-39.986839,1.384868,0.929243,-0.663684,0.109120
47.4940,60.479371,-40.374689,1.460952,1.066663,-0.653219,0.111140
47.5140,60.588280,-40.160337,1.346429,0.998387,-0.651131,0.064786
47.5340,60.638684,-40.318695,1.331706,0.933058,-0.660429,0.088279
47.5540,60.536675,-39.963150,1.385632,0.908275,-0.661832,0.112521
47.5740,60.507920,-39.941613,1.406879,0.959675,-0.657402,0.099188
47.5940,60.596871,-40.729645,1.402900,1.044936,-0.651009,0.086959
47.6140,60.520135,-40.475952,1.395675,0.941970,-0.649365,0.090675
47.6340,60.534687,-39.920671,1.377161,0.902574,-0.662302,0.108597
47.6540,60.513880,-39.973733,1.399366,0.948146,-0.665284,0.109839
47.6740,60.371823,-41.185345,2.081400,1.170057,-0.644808,0.111336
47.6940,60.406644,-40.350567,1.977973,1.090925,-0.634768,0.078761
47.7140,60.601414,-39.914243,1.373239,0.910040,-0.660657,0.097247
47.7340,60.523975,-40.006056,1.393894,0.930457,-0.667528,0.118786
47.7540,60.986415,-29.810444,-1.402372,1.215555,-0.661407,0.081380
47.7740,60.551120,-39.825648,1.370198,0.994031,-0.646899,0.059339
47.7940,60.616726,-40.189148,1.336631,0.945662,-0.661210,0.089365
47.8140,60.479521,-40.009482,1.377170,0.920302,-0.665337,0.114876
47.8340,60.621700,-40.228407,1.355375,1.010298,-0.663839,0.085868
47.8540,60.472110,-39.943942,1.367853,0.918404,-0.654210,0.076018
47.8740,60.573632,-40.384790,1.368433,0.977469,-0.655718,0.106492
47.8940,60.562699,-40.879926,1.371988,0.983220,-0.659823,0.102760
47.9140,60.466250,-39.902780,1.363727,0.904738,-0.657556,0.082013
47.9340,60.476297,-39.996037,1.375868,0.945912,-0.660772,0.111307
47.9540,60.502032,-40.500440,1.390434,1.004642,-0.657473,0.102944
47.9740,60.605102,-39.942845,1.355692,0.975485,-0.653593,0.056323
47.9940,60.513776,-40.001913,1.357857,0.889430,-0.661784,0.102169
48.0140,58.749597,-39.951892,1.659748,0.965602,-0.687333,-0.107298
48.0340,61.008004,-41.235504,1.499476,1.204951,-0.505886,0.335490
48.0540,60.561162,-39.631312,1.211811,0.869550,-0.643236,0.171603
48.0740,60.626065,-40.066936,1.373960,0.889301,-0.687418,-0.030826
48.0940,59.125267,-29.947112,-1.012292,1.284827,-0.657105,-0.011865
48.1140,60.660478,-40.180123,1.560425,1.144272,-0.443501,0.314255
48.1340,60.358602,-39.813567,1.362909,0.850994,-0.644739,0.095554
48.1540,60.333459,-40.083325,1.565354,0.919519,-0.712047,0.058068
48.1740,60.768084,-40.763957,1.373862,1.067259,-0.623776,0.120567
48.1940,60.521483,-39.827092,1.344098,0.914049,-0.623577,0.077906
48.2140,60.540155,-39.961445,1.399149,0.940511,-0.678278,0.088015
48.2340,60.440518,-39.951187,1.383315,0.925941,-0.679024,0.103018
48.2540,60.583456,-40.728486,1.332516,1.023135,-0.664822,0.099569
48.2740,60.448739,-39.914974,1.369979,0.925173,-0.649930,0.073271
48.2940,60.619823,-40.145191,1.392754,0.975966,-0.656121,0.100352
48.3140,60.544973,-40.929317,1.470196,0.991732,-0.654435,0.121840
48.3340,60.477466,-39.782790,1.398128,0.909622,-0.648497,0.075439
48.3540,60.472000,-39.935083,1.386980,0.932737,-0.659939,0.102817
48.3740,60.535916,-40.244682,1.367095,0.998807,-0.663262,0.095193
48.3940,60.631887,-40.520160,1.330296,1.000560,-0.665222,0.071331
48.4140,60.495191,-39.980904,1.365330,0.884187,-0.660892,0.093446
48.4340,58.419626,-39.786342,1.591012,0.963343,-0.939591,0.321963
48.4540,48.594594,-40.016960,2.231270,0.924425,-1.701436,-0.726514
48.4740,60.722516,-33.788483,-1.387719,1.170599,-0.452712,0.100828
48.4940,60.552119,-39.583133,0.403625,0.930960,-0.021303,0.485656
48.5140,59.930580,-39.615381,2.020216,0.841099,-0.681068,0.052139
48.5340,60.823497,-40.339565,2.002601,1.015175,-0.632491,-0.027931
48.5540,61.163511,-40.365904,1.172083,1.017827,-0.447171,0.157474
48.5740,60.285344,-40.392201,1.096107,0.943175,-0.669675,0.092469
48.5940,59.773250,-40.014008,1.247864,0.909040,-0.841778,0.087764
48.6140,60.255892,-40.031646,1.237985,0.985047,-0.752898,0.106061
48.6340,60.726086,-40.389598,1.325375,0.974328,-0.630157,0.076340
48.6540,60.711962,-40.440480,2.188174,1.055265,-0.580024,0.088021
48.6750,-68.861373,19.621713,-14.495758,1.452519,-0.302577,-0.139034
48.6940,60.751296,-40.028932,1.400535,0.960854,-0.627987,0.096992
48.7140,60.464476,-40.654506,1.263485,0.980200,-0.680298,0.106532
48.7340,60.248767,-39.950746,1.245989,0.946859,-0.707965,0.088303
48.7540,60.403591,-40.401217,1.287402,0.989068,-0.700682,0.099357
48.7740,60.631654,-40.161355,1.369462,0.951647,-0.652545,0.075752
48.7940,60.787663,-40.358595,1.421331,0.932052,-0.625178,0.089424
48.8140,60.677907,-39.884147,1.446242,0.909742,-0.623221,0.096690
48.8340,60.423413,-40.619945,2.038141,1.104500,-0.640395,0.116392
48.8540,60.432512,-40.415923,1.405864,1.044549,-0.662896,0.097118
48.8740,60.431386,-40.556089,1.345012,0.970824,-0.680030,0.096314
48.8940,60.452665,-39.879977,1.348336,0.907646,-0.675970,0.098213
48.9140,60.521157,-39.893727,1.414556,0.936669,-0.658152,0.103581
48.9340,60.535904,-40.629817,1.999823,1.135210,-0.630029,0.089268
48.9540,60.629950,-40.327526,1.490462,1.035341,-0.628298,0.091214
48.9740,60.566453,-39.899643,1.368205,0.917197,-0.655329,0.098171
48.9940,60.460395,-40.025238,1.352537,0.946617,-0.675147,0.115649
49.0140,60.402464,-40.526141,1.391068,1.014892,-0.668915,0.103357
49.0340,60.895051,-33.091437,-0.530547,1.121078,-0.656996,0.054848
49.0540,60.629854,-39.890765,1.368664,0.913739,-0.655115,0.085852
49.0740,60.555854,-39.961798,1.401491,0.913899,-0.656405,0.116336
49.0940,60.792598,-33.800620,-0.243001,1.110234,-0.652916,0.090018
49.1140,60.631537,-40.373499,1.339782,1.026529,-0.650815,0.069564
49.1340,60.604422,-40.321815,1.295183,0.941794,-0.663661,0.082298
49.1540,60.480563,-39.981118,1.353755,0.903421,-0.670245,0.116401
49.1740,60.463664,-39.932308,1.394634,0.955463,-0.662699,0.104314
49.1940,60.609743,-40.782310,1.401162,1.041168,-0.649882,0.087712
49.2140,60.589894,-40.453455,1.357523,0.936765,-0.644465,0.079894
49.2340,60.531927,-39.942461,1.365211,0.894810,-0.658356,0.110220
49.2540,60.478490,-39.993796,1.385045,0.952925,-0.665499,0.115609
49.2740,60.361469,-41.130178,2.075547,1.166782,-0.649131,0.110853
49.2940,60.528132,-40.239418,1.453456,1.054986,-0.641075,0.084155
49.3140,60.550243,-39.863559,1.362007,0.896257,-0.660001,0.095542
49.3340,60.497442,-39.985415,1.391289,0.926827,-0.665883,0.121574
49.3540,60.500023,-40.490532,1.443632,1.006683,-0.653935,0.102752
49.3740,60.593608,-40.169728,1.335125,0.984378,-0.648641,0.064182
49.3940,60.595520,-40.003707,1.329562,0.933283,-0.658760,0.085852
49.4140,60.472205,-40.010899,1.362973,0.916101,-0.668995,0.118819
49.4340,60.486711,-40.477335,1.413232,1.001100,-0.661799,0.114205
49.4540,60.485456,-40.371835,1.425569,1.008646,-0.645824,0.087537
49.4740,60.620701,-40.171340,1.332765,0.957607,-0.653660,0.079827
49.4940,60.491278,-39.973131,1.359357,0.898840,-0.663169,0.108437
49.5140,60.503051,-40.504571,1.416440,0.990387,-0.662265,0.124136
49.5340,60.485507,-39.835567,1.372116,0.952442,-0.651364,0.071080
49.5540,60.616570,-40.775023,1.375363,1.021270,-0.657702,0.100350
49.5740,60.457341,-39.872396,1.349187,0.896576,-0.656815,0.088186
49.5940,59.126221,-40.599138,1.989581,0.928009,-0.913359,-0.311046
49.6140,61.038308,-39.612190,1.004704,0.970328,-0.607193,0.210633
49.6340,60.488359,-40.747464,1.279735,0.995070,-0.543080,0.308610
49.6540,60.315361,-39.593280,1.421719,0.875415,-0.678248,-0.001217
49.6740,60.699915,-40.610308,1.500105,1.018595,-0.640639,0.063379
49.6940,60.498115,-40.546206,1.984631,1.123226,-0.611821,0.159974
49.7140,60.522496,-39.939386,1.368678,0.961716,-0.677400,0.070904
49.7340,60.387413,-39.942361,1.337130,0.876180,-0.685668,0.079199
49.7540,60.573841,-40.103681,1.326773,0.976917,-0.662510,0.106905
49.7740,60.492363,-39.941126,1.382361,0.948393,-0.658068,0.085227
49.7940,57.865559,-40.705973,2.516446,1.135059,-0.732040,-0.122505
49.8140,61.273240,-39.699864,0.744114,0.958181,-0.482452,0.249994
49.8340,60.567961,-39.958790,1.280278,0.935317,-0.574473,0.189292
49.8540,60.254869,-39.986198,1.662533,0.909606,-0.721159,0.050711
49.8740,60.699809,-39.979600,1.428538,0.996970,-0.630762,0.073040
49.8940,60.667776,-40.394902,1.248544,0.980448,-0.610203,0.103185
49.9140,60.455875,-40.239917,1.325999,0.947896,-0.685984,0.088110
49.9340,60.685706,-33.689015,-0.387176,1.063503,-0.706472,0.097133
49.9540,60.543466,-39.911768,1.360480,0.974053,-0.660934,0.091110
49.9740,60.530689,-40.387899,1.466006,1.040156,-0.638633,0.102100
49.9940,48.177076,-40.081540,1.898631,1.046041,-1.410368,0.663799
50.0140,59.200709,-40.537099,1.590433,0.940633,-0.746872,0.071578
50.0340,60.895388,-40.337647,0.216144,0.997599,-0.079055,-0.339371
50.0540,60.582243,-39.600825,1.548948,1.063501,-0.522689,-0.010551
50.0740,60.439108,-40.282082,2.215340,0.977513,-0.762789,0.258378
50.0940,60.846596,-40.063041,1.363657,0.874127,-0.546885,0.108199
50.1140,60.882242,-40.084760,0.837632,0.939531,-0.542671,-0.055589
50.1340,60.048196,-40.175980,1.233701,1.050431,-0.779219,0.137814
50.1540,59.872122,-40.573510,2.072848,1.140059,-0.797593,0.132754
50.1740,61.028335,-33.336030,-0.518600,1.111967,-0.638230,0.043449
50.1940,60.928399,-39.860608,1.387724,0.881982,-0.571592,0.068906
50.2140,60.760100,-39.931856,1.555174,0.910124,-0.623197,0.119215
50.2340,58.650856,-39.834944,1.813958,0.984028,-0.698690,0.022329
50.2540,60.607191,-40.825438,0.811440,1.027821,-0.423593,0.222361
50.2740,60.321841,-40.523393,1.210637,0.957937,-0.639264,0.070975
50.2940,60.241377,-40.038224,1.600866,0.922437,-0.744271,0.074846
50.3140,61.086277,-34.084915,-0.232669,1.126618,-0.628868,0.130321
50.3340,60.758252,-39.684332,1.358567,0.921607,-0.584487,0.061011
50.3540,60.601823,-40.390169,1.368887,0.933908,-0.662807,0.082484
50.3740,60.375281,-39.956012,1.369510,0.927143,-0.689093,0.108456
50.3940,60.470555,-40.615714,1.331364,1.008190,-0.679611,0.117199
50.4140,60.511901,-40.572993,1.334798,0.995245,-0.660900,0.083008
50.4340,60.574099,-40.510724,1.391682,0.956796,-0.654225,0.093230
50.4540,60.547635,-39.818178,1.432535,0.899082,-0.645636,0.098186
50.4740,60.681907,-40.196036,1.404453,0.963390,-0.647371,0.098280
50.4940,60.409641,-40.545851,2.015860,1.075057,-0.643221,0.094568
50.5140,60.490681,-40.399820,1.450882,1.071328,-0.656810,0.105000
50.5340,60.445303,-39.904819,1.342701,0.942301,-0.670909,0.088001
50.5540,60.594163,-40.328107,1.344976,0.975968,-0.672898,0.102762
50.5740,60.528646,-39.889522,1.397279,0.928577,-0.653258,0.087496
50.5940,60.520987,-40.723692,2.028600,1.127565,-0.639117,0.097727
50.6140,60.554932,-39.808595,1.388752,0.925582,-0.644302,0.074480
50.6340,60.634889,-40.336711,1.348407,0.961777,-0.663616,0.104764
50.6540,60.487041,-39.987716,1.364592,0.939966,-0.664827,0.098035
50.6740,60.474938,-40.557382,1.405038,1.006590,-0.663053,0.107967
50.6940,60.542281,-39.883720,1.360505,0.967113,-0.652365,0.065628
50.7140,60.656163,-40.301397,1.349603,0.938938,-0.660617,0.095584
50.7340,60.547774,-39.929718,1.398861,0.914395,-0.654864,0.105052
50.7540,60.818088,-33.775001,-0.251383,1.102597,-0.655841,0.090511
50.7740,60.616973,-40.426841,1.347091,1.024030,-0.653711,0.073853
50.7940,60.545285,-40.550943,1.338627,0.936394,-0.661767,0.094852
50.8140,60.501321,-39.943627,1.371496,0.911193,-0.665293,0.110274
50.8340,60.498186,-39.944979,1.399259,0.952835,-0.662761,0.102739
50.8540,60.551597,-40.972937,1.446942,1.066404,-0.650095,0.103529
50.8740,60.491669,-40.303058,1.439644,0.966595,-0.640408,0.088471
50.8940,60.553142,-39.914054,1.377853,0.902513,-0.660431,0.105622
50.9140,60.505429,-40.004966,1.392524,0.946336,-0.667945,0.115553
50.9340,60.451351,-40.679023,1.515710,1.135784,-0.649550,0.114516
50.9540,60.370331,-40.351677,1.957229,1.098223,-0.638874,0.079159
50.9740,60.557705,-39.913283,1.369553,0.922223,-0.659858,0.093525
50.9940,60.988586,-30.195871,-1.336496,1.168923,-0.671503,0.111427
51.0140,60.548517,-39.871607,1.390964,0.987344,-0.655903,0.071991
51.0340,60.470229,-39.958503,1.366789,0.925821,-0.656087,0.082751
51.0540,60.562709,-39.978273,1.376343,0.974263,-0.655128,0.095901
51.0740,60.634638,-40.770103,1.343814,0.999076,-0.666394,0.094442
51.0940,60.471227,-39.931489,1.355063,0.893169,-0.660305,0.085121
51.1140,60.482603,-39.974722,1.382782,0.942359,-0.659492,0.113435
51.1340,60.583690,-40.083576,1.375764,0.998930,-0.656114,0.083305
51.1540,60.917935,-33.913227,-0.365987,1.118879,-0.661074,0.069437
51.1740,60.551411,-39.919737,1.350993,0.931064,-0.655481,0.086725
51.1940,60.469085,-40.025627,1.366377,0.925996,-0.664379,0.114012
51.2140,60.560426,-39.995836,1.384703,0.988964,-0.660669,0.087399
51.2340,56.003647,-39.974029,-0.607365,0.979110,-1.180397,-0.586225
51.2540,56.053675,-40.252043,1.811409,1.061222,-0.775093,-0.323010
51.2740,61.149071,-39.623471,0.697675,1.087818,-0.143446,1.037648
51.2940,60.232855,-39.476557,1.325232,0.772936,-0.624756,0.284664
51.3140,60.437134,-41.134431,1.864778,1.005752,-0.689418,-0.137294
51.3340,61.649719,-33.149725,-0.546629,1.237370,-0.472010,0.141830
51.3540,60.631069,-39.622152,1.320988,0.963456,-0.600584,0.171314
51.3740,60.208709,-40.014218,1.332863,0.873950,-0.758446,0.055577
51.3940,60.321360,-40.070060,1.186150,0.926844,-0.725958,0.078132
51.4140,60.425862,-40.054721,1.232459,0.959574,-0.678014,0.108302
51.4340,60.537116,-40.571195,1.456478,1.025555,-0.656331,0.103647
51.4540,60.645716,-40.348377,1.550312,1.001678,-0.614590,0.092025
51.4740,60.828294,-40.188416,1.394243,0.949823,-0.611805,0.087147
51.4940,60.562295,-39.954897,1.346259,0.896076,-0.649319,0.106119
51.5140,41.484832,-33.698002,0.356796,1.034301,-1.657475,-1.122060
51.5340,57.581653,-32.863946,-1.799713,1.236022,-0.507191,0.501152
51.5540,60.711581,-40.182429,-0.079610,0.920465,-0.103756,0.838730
51.5740,59.980737,-40.039856,1.923001,0.784226,-0.740403,-0.086915
51.5940,61.127811,-40.104915,1.819460,1.043151,-0.591416,0.000418
51.6140,61.317496,-40.090605,1.197980,1.076506,-0.408266,0.283363
51.6340,60.382045,-40.422949,1.271728,1.007209,-0.642358,0.079666
51.6540,59.920869,-39.942919,1.185340,0.870318,-0.815281,0.061513
51.6740,60.138624,-40.140186,1.130149,0.958097,-0.762584,0.142645
51.6940,60.452525,-40.565061,1.306455,1.034124,-0.663362,0.104111
51.7140,58.144149,-40.084511,2.062287,0.991653,-0.709008,0.198305
51.7340,61.073326,-40.002526,1.082866,0.893832,-0.462358,-0.060090
51.7540,60.810315,-39.985025,1.250095,0.914378,-0.473524,-0.046970
51.7740,60.217059,-40.494312,2.212694,1.121909,-0.685526,0.147543
51.7940,60.208695,-40.383445,1.978290,1.098250,-0.705356,0.106724
51.8140,60.541277,-40.591392,1.131589,0.967039,-0.656917,0.079318
51.8340,60.413007,-40.001378,1.202884,0.914182,-0.675281,0.088086
51.8540,60.444779,-39.930562,1.411463,0.956197,-0.691658,0.111586
51.8740,60.664219,-39.981393,1.419238,0.987784,-0.639322,0.076636
51.8940,60.782552,-40.495627,1.426329,0.999702,-0.603044,0.086298
51.9140,60.611937,-39.902710,1.347342,0.896006,-0.637490,0.091007
51.9340,60.462516,-40.055697,1.338962,0.948560,-0.681584,0.122738
51.9540,60.381653,-40.573585,1.342184,1.022802,-0.678406,0.106867
51.9740,60.394727,-41.037900,1.927718,1.138608,-0.653694,0.084188
51.9940,58.675897,-39.712248,1.681536,0.918902,-0.706623,0.022170
52.0140,60.715443,-39.866119,0.914308,0.898391,-0.424149,0.275667
52.0340,60.380936,-40.527449,2.031176,1.084951,-0.589343,0.108190
52.0540,60.484491,-40.388287,1.699418,1.049488,-0.674915,0.081498
52.0740,60.823833,-40.045651,1.330021,0.967895,-0.613277,0.094476
52.0940,60.545211,-39.988897,1.230674,0.896511,-0.642190,0.123746
52.1140,60.280435,-39.971477,1.320293,0.953474,-0.705153,0.098662
52.1340,60.300937,-40.675089,1.906911,1.153937,-0.686436,0.084739
52.1540,60.673153,-40.325416,1.303128,0.967651,-0.648944,0.070494
52.1740,60.642842,-39.935106,1.374339,0.878714,-0.637462,0.099317
52.1940,60.603978,-39.973978,1.437765,0.945338,-0.642987,0.116179
52.2140,60.517954,-40.514659,1.421273,1.018199,-0.643223,0.098675
52.2340,60.574116,-40.618888,1.365135,1.040685,-0.647398,0.084624
52.2540,60.476540,-39.881170,1.289395,0.887021,-0.670679,0.089446
52.2740,60.468074,-39.995236,1.346768,0.927474,-0.680734,0.125477
52.2940,60.775311,-33.645406,-0.295970,1.113264,-0.659662,0.082516
52.3140,61.050939,-33.638130,-0.643841,1.170156,-0.646741,0.063168
52.3340,60.653521,-39.843973,1.341994,0.908827,-0.640370,0.073145
52.3540,60.554646,-40.032521,1.354416,0.905169,-0.665011,0.127037
52.3740,60.450344,-39.963973,1.364479,0.969734,-0.664499,0.105352
52.3940,60.506679,-40.848225,1.420509,1.116056,-0.653950,0.094288
52.4140,60.615289,-40.133339,1.293081,0.956372,-0.652967,0.063565
52.4340,60.541527,-39.984743,1.337188,0.877543,-0.665461,0.112935
52.4540,60.505680,-39.971692,1.397009,0.948417,-0.660123,0.119249
52.4740,60.459078,-40.385138,1.460792,1.080241,-0.642185,0.095478
52.4940,60.633651,-40.494840,1.373989,1.023977,-0.642756,0.074073
52.5140,60.521093,-39.922002,1.314420,0.872952,-0.661899,0.093843
52.5340,60.487555,-39.964631,1.340390,0.930644,-0.672438,0.131571
52.5540,60.433784,-39.908503,1.368929,0.976538,-0.658069,0.086140
52.5740,60.544944,-41.143844,1.987680,1.190790,-0.641767,0.081327
52.5940,60.568299,-39.820228,1.323640,0.891931,-0.648567,0.073731
52.6140,60.526182,-40.033980,1.355010,0.906061,-0.667669,0.131547
52.6340,60.447217,-39.946991,1.374998,0.970085,-0.660387,0.103056
52.6540,60.567713,-40.418321,1.423796,1.102862,-0.645261,0.081718
52.6740,60.642193,-40.016503,1.303158,0.955350,-0.651860,0.066198
52.6940,60.513158,-40.008171,1.331549,0.885967,-0.666604,0.117283
52.7140,60.454041,-39.984222,1.379049,0.954999,-0.663155,0.115656
52.7340,60.579901,-39.955379,1.356251,1.001463,-0.650757,0.065271
52.7540,60.680727,-40.752739,1.307761,1.003768,-0.654308,0.081204
52.7740,60.487442,-39.904879,1.321380,0.881492,-0.657032,0.097211
52.7940,58.769667,-40.223031,1.660806,0.919533,-0.762759,-0.209539
52.8140,61.336219,-39.829614,0.848052,1.037829,-0.557132,0.311115
52.8340,60.503849,-40.904165,1.348274,1.042882,-0.583112,0.230214
52.8540,60.360689,-39.586410,1.422758,0.870236,-0.683816,-0.001534
52.8740,60.925009,-40.057679,1.231271,0.974776,-0.618909,0.091043
52.8940,60.714465,-40.013296,1.328838,1.023870,-0.625341,0.145478
52.9140,60.398972,-40.463456,1.416024,0.947200,-0.683727,0.087063
52.9340,60.488790,-40.205305,1.283698,0.942048,-0.677862,0.072219
52.9540,60.738576,-34.172760,-0.374675,1.052742,-0.664827,0.101887
52.9740,60.567307,-39.926581,1.376708,0.978788,-0.662146,0.092896
52.9940,60.556644,-40.417003,1.495449,1.046294,-0.648204,0.102064
53.0140,60.570991,-40.271107,1.469035,1.047677,-0.629392,0.101110
53.0340,60.427082,-40.430714,1.927048,1.065450,-0.640616,0.100780
53.0540,60.537011,-39.894907,1.350904,0.937947,-0.666675,0.093386
53.0740,60.359900,-40.652680,1.977816,1.093100,-0.663993,0.113580
53.0940,60.499497,-39.820543,1.353937,0.967835,-0.656737,0.076807
53.1140,60.577196,-40.280396,1.317388,0.974910,-0.659423,0.085890
53.1340,60.605845,-39.991859,1.351126,0.944195,-0.652607,0.085189
53.1540,60.424458,-40.657617,1.999167,1.072337,-0.649666,0.116613
53.1740,60.538653,-39.837227,1.372068,0.962296,-0.652402,0.084669
53.1940,60.467268,-40.420538,1.428597,1.043164,-0.654302,0.107678
53.2140,60.564796,-40.326107,1.329170,0.984849,-0.658516,0.086818
53.2340,58.772736,-40.298151,2.129807,1.071095,-0.679324,-0.008527
53.2540,60.739340,-39.728001,0.970543,0.966103,-0.441881,0.269184
53.2740,60.373455,-39.877725,1.469668,0.915547,-0.643646,0.140341
53.2940,60.484363,-40.612081,1.652449,1.014831,-0.694596,0.051894
53.3140,61.046619,-33.429414,-0.475818,1.081642,-0.600434,0.084008
53.3340,60.621374,-39.885659,1.284168,0.955350,-0.630841,0.108944
53.3540,59.487671,-38.231576,1.252130,0.918929,-0.770082,0.130824
53.3740,60.306488,-41.022412,1.434095,1.123729,-0.464031,-0.114643
53.3940,60.782746,-39.659555,1.251238,0.998486,-0.566139,-0.036269
53.4140,60.589357,-39.826924,1.713786,0.936435,-0.708819,0.162539
53.4340,60.629356,-39.928772,1.499346,0.870098,-0.639642,0.117087
53.4540,60.410369,-41.008041,2.245523,1.186229,-0.587998,0.097072
53.4740,60.367659,-39.861709,1.285568,1.012074,-0.675320,0.065910
53.4940,60.359550,-40.364262,1.319731,0.977993,-0.729882,0.104141
53.5140,60.444871,-40.508760,1.397664,0.944360,-0.674585,0.122903
53.5340,60.704472,-39.995183,1.376501,0.943308,-0.629414,0.071039
53.5540,60.654514,-39.878296,1.447036,0.906482,-0.632763,0.084911
53.5740,60.626113,-40.486376,1.447340,0.982893,-0.643811,0.113774
53.5940,60.464864,-40.350676,1.461048,1.035851,-0.645941,0.101524
53.6140,60.455938,-40.488180,1.374040,1.014403,-0.667072,0.106798
